;papel;cotação;p/l;p/vp;psr;div.yield;p/ativo;p/cap.giro;p/ebit;p/ativ circ.liq;ev/ebit;ev/ebitda;mrg ebit;mrg. líq.;liq. corr.;roic;roe;liq.2meses;patrim. líq;dív.brut/ patrim.;cresc. rec.5a;setor
0;RPMG3;5,240000;-2,370000;-0,140000;0,325000;0,000000;0,169000;-0,160000;-2,130000;-0,130000;-2,130000;-2,220000;-0,152600;-0,137100;0,470000;-0,082100;0,057200;430377,000000;-2618490000,000000;0,000000;0,158700;1
1;DMMO3;2,380000;-1,430000;-1,350000;1,323000;0,000000;0,448000;-3,160000;30,480000;-0,380000;22,160000;5,550000;0,043400;-0,924800;0,540000;0,017300;0,946700;12210700,000000;-474698000,000000;0,000000;-0,024100;1
2;OSXB3;3,240000;-0,030000;-0,000000;0,929000;0,000000;0,003000;-0,020000;-0,210000;-0,000000;-88,300000;-271,470000;-4,380500;-35,658300;0,030000;-0,016400;0,088300;26099,700000;-4308840000,000000;-0,980000;-0,682600;1
3;BRDT3;28,200000;8,830000;3,420000;0,342000;0,093100;1,231000;7,800000;15,520000;-8,790000;16,610000;13,520000;0,022000;0,038700;1,460000;0,101200;0,387400;185712000,000000;9602000000,000000;0,650000;0,003100;1
4;PETR4;30,270000;11,580000;1,290000;1,225000;0,031000;0,427000;28,320000;4,180000;-0,850000;7,510000;4,640000;0,292800;0,109900;1,100000;0,112400;0,111300;1328240000,000000;306252000000,000000;1,220000;0,012100;1
5;PETR3;32,100000;12,280000;1,370000;1,299000;0,015600;0,453000;30,040000;4,440000;-0,900000;7,760000;4,800000;0,292800;0,109900;1,100000;0,112400;0,111300;321426000,000000;306252000000,000000;1,220000;0,012100;1
6;ENAT3;16,730000;18,630000;1,590000;4,420000;0,114000;1,007000;3,170000;17,770000;16,290000;12,760000;5,570000;0,248700;0,237200;3,870000;0,090100;0,085400;14522300,000000;2795640000,000000;0,090000;0,184700;1
7;CCXC3;1,750000;-0,720000;-0,060000;0,000000;0,000000;0,279000;0,000000;-0,980000;0,000000;-0,850000;-0,850000;0,000000;0,000000;0,000000;0,000000;0,078500;22255,900000;-52699000,000000;0,000000;0,000000;2
8;MMXM3;2,310000;-0,100000;-0,020000;7,133000;0,000000;0,113000;-0,020000;-0,190000;-0,020000;-2,610000;-2,610000;-37,205100;-75,524000;0,040000;-0,917800;0,218500;151776,000000;-719319000,000000;-0,270000;1,062800;2
9;MGEL4;8,100000;-9,310000;-0,120000;0,088000;0,000000;0,124000;0,340000;1,090000;-0,090000;15,550000;10,570000;0,080600;-0,020400;2,680000;0,144000;0,013200;27941,000000;-381306000,000000;-1,760000;0,044900;3
10;PMAM3;27,170000;4,980000;1,420000;0,219000;0,000000;0,256000;2,940000;15,540000;-0,770000;41,570000;13,770000;0,014100;0,044000;1,220000;0,022600;0,284300;1533410,000000;832397000,000000;2,690000;-0,005500;3
11;TKNO4;35,100000;6,430000;0,570000;0,715000;0,000000;0,466000;1,520000;168,530000;1,760000;138,770000;11,950000;0,004200;0,111200;3,130000;0,003300;0,089200;90,000000;180387000,000000;0,020000;0,040900;3
12;FESA4;19,860000;7,240000;0,940000;1,366000;0,067900;0,625000;3,060000;11,980000;-21,630000;13,670000;6,390000;0,114000;0,188900;3,010000;0,058800;0,130300;6553040,000000;1858840000,000000;0,270000;0,108800;3
13;CSNA3;14,210000;8,000000;2,230000;0,790000;0,066800;0,387000;28,400000;3,660000;-0,710000;8,610000;6,860000;0,215900;0,115500;1,060000;0,119700;0,278900;139724000,000000;8838390000,000000;3,310000;0,134300;3
14;FESA3;29,550000;10,780000;1,400000;2,033000;0,041500;0,930000;4,550000;17,830000;-32,180000;19,510000;9,120000;0,114000;0,188900;3,010000;0,058800;0,130300;8839,510000;1858840000,000000;0,270000;0,108800;3
15;PATI3;22,900000;17,600000;0,980000;0,393000;0,035400;0,449000;0,890000;8,680000;2,100000;9,590000;7,940000;0,045300;0,022300;2,970000;0,091900;0,055900;963,080000;425541000,000000;0,720000;0,147400;3
16;PATI4;25,000000;19,220000;1,070000;0,429000;0,054400;0,490000;0,970000;9,480000;2,290000;10,390000;8,600000;0,045300;0,022300;2,970000;0,091900;0,055900;1019,850000;425541000,000000;0,720000;0,147400;3
17;GOAU3;9,030000;19,330000;0,970000;0,239000;0,015300;0,185000;1,050000;2,930000;-1,230000;6,540000;4,060000;0,081600;0,035500;2,130000;0,073100;0,050100;740200,000000;10143400000,000000;1,530000;-0,000700;3
18;GGBR3;17,760000;20,530000;1,120000;0,745000;0,015800;0,576000;3,290000;9,110000;-3,800000;12,700000;7,900000;0,081800;0,036700;2,130000;0,073300;0,054500;1021180,000000;27282400000,000000;0,570000;-0,000700;3
19;GOAU4;9,880000;21,150000;1,060000;0,262000;0,014000;0,202000;1,150000;3,210000;-1,340000;6,820000;4,240000;0,081600;0,035500;2,130000;0,073100;0,050100;97102000,000000;10143400000,000000;1,530000;-0,000700;3
20;GGBR4;20,940000;24,210000;1,320000;0,878000;0,013400;0,679000;3,880000;10,740000;-4,480000;14,340000;8,920000;0,081800;0,036700;2,130000;0,073300;0,054500;242336000,000000;27282400000,000000;0,570000;-0,000700;3
21;USIM5;9,140000;32,820000;0,800000;0,790000;0,008800;0,424000;1,800000;9,570000;-7,640000;12,930000;7,070000;0,082500;0,035200;2,880000;0,050500;0,024500;118547000,000000;14236300000,000000;0,410000;0,116100;3
22;USIM6;9,500000;34,110000;0,840000;0,821000;0,008400;0,441000;1,870000;9,950000;-7,940000;13,310000;7,270000;0,082500;0,035200;2,880000;0,050500;0,024500;613,970000;14236300000,000000;0,410000;0,116100;3
23;NUTR3;76,000000;-3,210000;-0,390000;0,167000;0,000000;0,128000;0,900000;15,250000;-0,140000;35,480000;19,410000;0,011000;-0,052000;1,480000;0,010000;0,120000;643,590000;-25238000,000000;-0,530000;0,151400;4
24;FHER3;3,850000;-0,350000;-0,240000;0,163000;0,000000;0,123000;-0,120000;-1,510000;-0,120000;-9,000000;-11,950000;-0,108000;-0,460700;0,340000;-0,269000;0,673300;4387700,000000;-868315000,000000;-1,210000;-0,289900;4
25;CRPG6;25,460000;5,530000;1,270000;1,190000;0,024000;0,979000;1,390000;7,120000;1,740000;5,400000;4,390000;0,167000;0,215000;9,160000;0,187500;0,229400;56635,500000;582094000,000000;0,000000;0,157900;4
26;CRPG5;25,800000;5,610000;1,290000;1,206000;0,023700;0,993000;1,410000;7,220000;1,770000;5,490000;4,470000;0,167000;0,215000;9,160000;0,187500;0,229400;507263,000000;582094000,000000;0,000000;0,157900;4
27;CRPG3;32,000000;6,950000;1,600000;1,495000;0,000000;1,231000;1,750000;8,960000;2,190000;7,230000;5,880000;0,167000;0,215000;9,160000;0,187500;0,229400;1028,030000;582094000,000000;0,000000;0,157900;4
28;GPCP3;39,250000;9,010000;1,370000;0,310000;0,005000;0,282000;5,110000;10,760000;-0,600000;17,970000;9,590000;0,028800;0,035800;1,230000;0,027600;0,152400;344221,000000;179091000,000000;0,980000;0,205100;4
29;ELEK4;17,650000;10,640000;2,380000;0,516000;0,020700;1,058000;3,360000;22,340000;36,200000;27,510000;16,350000;0,023100;0,048500;2,170000;0,058300;0,223700;20295,700000;233503000,000000;0,740000;0,069800;4
30;ELEK3;18,250000;11,000000;2,460000;0,534000;0,020000;1,094000;3,470000;23,100000;37,430000;28,270000;16,800000;0,023100;0,048500;2,170000;0,058300;0,223700;991,490000;233503000,000000;0,740000;0,069800;4
31;UNIP6;35,200000;17,210000;2,700000;1,127000;0,007300;0,984000;7,540000;7,320000;-3,600000;7,800000;5,830000;0,153900;0,063000;1,610000;0,163700;0,157100;5438200,000000;1324090000,000000;0,580000;0,493700;4
32;UNIP5;35,900000;17,550000;2,760000;1,150000;0,007200;1,004000;7,690000;7,470000;-3,670000;7,950000;5,940000;0,153900;0,063000;1,610000;0,163700;0,157100;40401,800000;1324090000,000000;0,580000;0,493700;4
33;UNIP3;35,940000;17,570000;2,760000;1,151000;0,006500;1,005000;7,700000;7,480000;-3,680000;7,960000;5,950000;0,153900;0,063000;1,610000;0,163700;0,157100;210574,000000;1324090000,000000;0,580000;0,493700;4
34;BRKM6;26,000000;43,150000;2,850000;0,380000;0,023300;0,317000;-3,410000;6,530000;-0,530000;13,140000;6,390000;0,058200;0,004500;0,770000;0,064300;0,066100;2660,260000;7263760000,000000;3,850000;0,046500;4
35;BRKM5;34,450000;57,170000;3,780000;0,504000;0,024300;0,420000;-4,520000;8,660000;-0,710000;15,260000;7,420000;0,058200;0,004500;0,770000;0,064300;0,066100;92445300,000000;7263760000,000000;3,850000;0,046500;4
36;DTEX3;17,600000;-575,700000;2,560000;2,542000;0,021200;1,121000;10,160000;35,640000;-4,680000;41,970000;14,790000;0,071300;-0,004400;1,520000;0,036500;-0,004400;35955000,000000;4765100000,000000;0,670000;0,057400;5
37;MSPA3;50,000000;-37,030000;0,360000;2,456000;0,008000;0,221000;3,620000;-15,590000;-0,770000;-15,370000;-48,910000;-0,157500;-0,066300;2,850000;-0,014900;-0,009600;376,410000;899497000,000000;0,050000;-0,211700;5
38;SUZB3;43,110000;-23,250000;3,470000;2,644000;0,010300;0,591000;7,680000;20,430000;-0,920000;41,090000;18,900000;0,129400;-0,113900;1,680000;0,032900;-0,149200;192682000,000000;16919700000,000000;4,020000;0,213700;5
39;RANI4;4,250000;-7,300000;2,370000;0,741000;0,005400;0,439000;8,760000;6,780000;-0,820000;14,160000;8,000000;0,109400;-0,101500;1,220000;0,071800;-0,324200;14262,500000;299193000,000000;2,850000;0,066400;5
40;RANI3;4,110000;-7,060000;2,290000;0,717000;0,005500;0,424000;8,480000;6,560000;-0,800000;13,940000;7,870000;0,109400;-0,101500;1,220000;0,071800;-0,324200;109479,000000;299193000,000000;2,850000;0,066400;5
41;EUCA4;8,300000;14,470000;0,600000;0,555000;0,005500;0,343000;-3695,850000;5,310000;-2,460000;8,230000;4,370000;0,104400;0,046500;1,000000;0,069900;0,041200;1703240,000000;1288300000,000000;0,340000;0,047200;5
42;KLBN4;3,810000;21,740000;3,450000;1,925000;0,045200;0,553000;1,540000;7,980000;-1,430000;13,820000;7,920000;0,241300;0,093100;5,110000;0,107000;0,158700;2937970,000000;5973560000,000000;4,560000;0,189600;5
43;KLBN11;19,520000;22,270000;3,540000;1,973000;0,044100;0,567000;1,570000;8,170000;-1,470000;14,020000;8,030000;0,241300;0,093100;5,110000;0,107000;0,158700;78254200,000000;5973560000,000000;4,560000;0,189600;5
44;KLBN3;4,280000;24,420000;3,880000;2,163000;0,040200;0,621000;1,730000;8,960000;-1,610000;14,810000;8,480000;0,241300;0,093100;5,110000;0,107000;0,158700;927059,000000;5973560000,000000;4,560000;0,189600;5
45;MTIG4;73,000000;-1,990000;1,100000;0,139000;0,006000;0,167000;-0,730000;-71,780000;-0,440000;-281,120000;20,250000;-0,001900;-0,070000;0,670000;-0,002800;-0,552700;546,720000;15993400,000000;3,260000;0,017900;6
46;RCSL4;2,100000;-33,400000;-2,410000;8,532000;0,000000;3,829000;-10,900000;1090,600000;-1,740000;1090,420000;347,600000;0,007800;-0,255800;0,530000;0,003700;0,072200;2617000,000000;-66069000,000000;-0,000000;3,596000;8
47;EMBR3;20,110000;-28,240000;0,970000;1,171000;0,000000;0,323000;1,540000;31,010000;2,030000;24,490000;9,140000;0,037800;-0,039500;1,350000;0,011800;-0,034200;50879800,000000;15429000000,000000;0,060000;-0,084200;8
48;PLAS3;7,480000;-0,380000;-0,480000;0,242000;0,000000;0,187000;-0,410000;-1,110000;-0,160000;-3,140000;-6,100000;-0,218000;-0,631800;0,320000;-0,185700;1,262500;39930,500000;-192059000,000000;-0,950000;-0,058700;8
49;MWET3;7,000000;-0,300000;-0,070000;0,080000;0,000000;0,081000;-0,130000;-0,860000;-0,040000;-5,410000;-7,440000;-0,092900;-0,264900;0,280000;-0,112700;0,239800;167,950000;-198459000,000000;-0,390000;0,033200;8
50;MWET4;5,900000;-0,260000;-0,060000;0,068000;0,000000;0,068000;-0,110000;-0,730000;-0,040000;-5,270000;-7,250000;-0,092900;-0,264900;0,280000;-0,112700;0,239800;20634,500000;-198459000,000000;-0,390000;0,033200;8
51;RSUL4;133,000000;5,720000;-6,330000;0,499000;0,000000;0,420000;-1,150000;3,470000;-0,540000;3,700000;2,990000;0,143700;0,087200;0,440000;0,126700;-1,105600;7533,130000;-12254000,000000;-0,470000;0,058400;8
52;MYPK3;23,660000;9,700000;1,080000;0,359000;0,007800;0,363000;3,430000;5,370000;-1,500000;9,340000;5,840000;0,066800;0,047300;1,360000;0,083300;0,111000;26993600,000000;3379610000,000000;0,990000;0,123200;8
53;TUPY3;26,300000;13,340000;1,620000;0,721000;0,042900;0,730000;2,750000;8,500000;-13,450000;10,510000;6,170000;0,084800;0,054000;2,150000;0,113200;0,121500;16916300,000000;2338990000,000000;0,640000;0,132200;8
54;LEVE3;29,830000;14,680000;2,900000;1,492000;0,071600;1,594000;6,740000;9,730000;30,730000;10,260000;8,330000;0,153400;0,100700;1,880000;0,194900;0,197500;9253430,000000;1320440000,000000;0,310000;0,019300;8
55;RAPT3;11,650000;17,500000;2,380000;0,803000;0,030800;0,640000;1,690000;7,410000;-11,760000;9,430000;7,470000;0,108300;0,058400;2,720000;0,133300;0,135800;86722,100000;1695280000,000000;1,690000;0,130800;8
56;POMO3;4,140000;19,360000;1,760000;0,899000;0,014500;0,761000;3,020000;17,070000;3098,690000;20,360000;15,340000;0,052600;0,048800;1,830000;0,062000;0,090700;536529,000000;2233070000,000000;0,800000;0,130500;8
57;POMO4;4,430000;20,720000;1,880000;0,962000;0,013500;0,815000;3,230000;18,270000;3315,750000;21,560000;16,240000;0,052600;0,048800;1,830000;0,062000;0,090700;24789500,000000;2233070000,000000;0,800000;0,130500;8
58;RAPT4;14,530000;21,830000;2,960000;1,001000;0,024700;0,798000;2,100000;9,240000;-14,660000;11,260000;8,920000;0,108300;0,058400;2,720000;0,133300;0,135800;35204800,000000;1695280000,000000;1,690000;0,130800;8
59;FRIO3;61,000000;28,040000;5,050000;0,175000;0,000000;0,163000;4,060000;4,410000;-0,710000;14,780000;8,650000;0,039800;0,028200;1,060000;0,067700;0,179900;6421,030000;49651000,000000;19,660000;0,086300;9
60;NORD3;4,550000;-6,750000;-0,210000;24,512000;0,000000;1,830000;-0,580000;-33,960000;-0,190000;-75,900000;-75,900000;-0,721700;-3,631400;0,010000;-0,055200;0,031800;5212,740000;-140228000,000000;-0,270000;0,718800;10
61;LUPA3;2,800000;-3,620000;0,740000;0,550000;0,000000;0,127000;0,530000;-4,190000;-0,290000;-14,000000;-86,880000;-0,131100;-0,196300;2,510000;-0,032200;-0,205500;1802500,000000;84636000,000000;1,900000;-0,170100;10
62;INEP4;10,350000;-0,190000;-0,050000;3,112000;0,000000;0,058000;-0,050000;-0,280000;-0,030000;-2,460000;-2,610000;-11,072100;-13,996100;0,140000;-0,222300;0,251800;175047,000000;-1703920000,000000;-0,380000;-0,514600;10
63;INEP3;9,990000;-0,190000;-0,050000;3,004000;0,000000;0,056000;-0,050000;-0,270000;-0,030000;-2,450000;-2,600000;-11,072100;-13,996100;0,140000;-0,222300;0,251800;102676,000000;-1703920000,000000;-0,380000;-0,514600;10
64;BDLL4;9,470000;-0,160000;0,310000;0,215000;0,000000;0,018000;-0,110000;-0,320000;-0,030000;-4,960000;-6,220000;-0,679800;-1,303900;0,650000;-0,064900;-1,891400;24265,100000;48681000,000000;4,590000;-0,407300;10
65;ROMI3;17,780000;8,490000;1,480000;1,429000;0,063000;0,794000;3,000000;35,580000;6,510000;41,840000;20,360000;0,040200;0,168700;1,830000;0,026400;0,174500;2752800,000000;754217000,000000;0,470000;0,067700;10
66;EALT4;6,920000;8,820000;0,940000;0,527000;0,020200;0,420000;9,480000;7,150000;-2,000000;10,350000;7,680000;0,073700;0,059800;1,150000;0,063600;0,106700;356577,000000;165525000,000000;0,500000;0,224400;10
67;SHUL4;10,890000;10,180000;1,620000;0,919000;0,024400;0,669000;1,800000;11,000000;13,510000;13,380000;9,240000;0,083600;0,090300;2,400000;0,087700;0,159400;1748130,000000;599667000,000000;0,960000;0,153900;10
68;MTSA4;24,500000;14,290000;0,930000;0,788000;0,032700;0,676000;1,390000;25,160000;1,480000;20,310000;9,320000;0,031300;0,055100;2,990000;0,038700;0,065300;203209,000000;239897000,000000;0,220000;0,066700;10
69;EALT3;13,100000;16,700000;1,780000;0,998000;0,009700;0,795000;17,940000;13,540000;-3,800000;16,740000;12,430000;0,073700;0,059800;1,150000;0,063600;0,106700;13868,600000;165525000,000000;0,500000;0,224400;10
70;KEPL3;30,200000;17,580000;1,740000;1,329000;0,008300;1,184000;5,750000;14,170000;7,620000;13,970000;9,070000;0,093800;0,075600;1,760000;0,098300;0,099000;4546710,000000;456590000,000000;0,100000;-0,038700;10
71;BALM4;10,000000;40,050000;0,960000;0,652000;0,014000;0,505000;1,650000;9,360000;2,860000;10,900000;8,740000;0,069600;0,012900;2,020000;0,060100;0,023900;28501,900000;102201000,000000;0,290000;0,056100;10
72;BALM3;11,500000;46,060000;1,100000;0,750000;0,012200;0,580000;1,900000;10,770000;3,290000;12,300000;9,870000;0,069600;0,012900;2,020000;0,060100;0,023900;884,620000;102201000,000000;0,290000;0,056100;10
73;WEGE3;34,000000;49,230000;8,570000;5,621000;0,010000;4,610000;13,960000;36,010000;26,820000;35,770000;30,000000;0,156100;0,115400;2,130000;0,176200;0,174000;138799000,000000;8327980000,000000;0,360000;0,084600;10
74;TASA3;5,420000;79,210000;-1,500000;0,505000;0,000000;0,442000;5,700000;7,120000;-0,750000;18,110000;13,240000;0,071000;0,006400;1,120000;0,072400;-0,018900;1390120,000000;-320169000,000000;-2,400000;0,046100;10
75;DTCY3;5,470000;-24,440000;-48,310000;3,327000;0,000000;1,402000;-4,650000;33,440000;-1,650000;36,560000;15,940000;0,099500;-0,136100;0,370000;0,048700;1,976200;6946,850000;-882000,000000;-5,620000;0,025800;11
76;LIQO3;8,950000;-0,090000;-2,020000;0,025000;0,000000;0,017000;-0,120000;-0,110000;-0,020000;-2,030000;-3,410000;-0,222000;-0,288000;0,560000;-0,172500;23,250100;161984,000000;-12449000,000000;-39,540000;-0,247000;11
77;VLID3;17,170000;12,910000;1,050000;0,641000;0,040800;0,468000;2,090000;6,540000;-4,540000;10,180000;6,000000;0,098100;0,050200;2,020000;0,089800;0,081600;11924600,000000;1160780000,000000;0,880000;0,039100;11
78;WLMM3;16,300000;17,420000;1,430000;0,562000;0,011600;1,128000;4,340000;17,750000;6,670000;16,720000;15,110000;0,031600;0,032200;3,150000;0,073100;0,082200;9410,280000;414642000,000000;0,020000;0,177400;12
79;EVEN3;16,490000;-971,320000;2,150000;1,990000;0,000000;0,752000;1,330000;36,470000;3,940000;42,310000;39,430000;0,054500;0,010500;3,420000;0,025400;-0,002200;25155200,000000;1668040000,000000;0,830000;-0,062000;13
80;MILS3;10,850000;-161,390000;2,460000;9,714000;0,000000;1,979000;28,180000;-35,610000;-17629,700000;-36,170000;36,580000;-0,272700;-0,060200;1,560000;-0,061700;-0,015200;12888400,000000;1111300000,000000;0,140000;-0,183800;13
81;LPSB3;9,800000;-77,420000;34,650000;10,293000;0,000000;5,670000;-265,820000;-417,450000;-9,120000;-415,230000;83,750000;-0,024700;-0,159900;0,910000;-0,015100;-0,447500;7764130,000000;41738000,000000;0,290000;-0,145400;13
82;RDNI3;15,770000;-60,530000;1,130000;2,672000;0,000000;0,522000;2,080000;-48,080000;-4,290000;-65,980000;-103,310000;-0,055600;-0,052300;2,590000;-0,012300;-0,018600;710091,000000;611714000,000000;0,640000;-0,211500;13
83;HBOR3;4,670000;-25,440000;4,210000;2,532000;0,000000;0,723000;1,820000;-86,800000;-15,860000;-126,300000;-159,330000;-0,029200;-0,035200;2,280000;-0,009200;-0,165300;22361000,000000;743035000,000000;2,370000;-0,134700;13
84;TCNO3;4,300000;-22,750000;19,020000;28,129000;0,000000;0,123000;0,000000;-4,160000;0,000000;-8,990000;-10,470000;-6,769800;-1,236200;0,000000;0,000000;-0,835700;443968,000000;1497000,000000;0,000000;-0,682100;13
85;TCNO4;2,320000;-12,280000;10,260000;15,176000;0,000000;0,066000;0,000000;-2,240000;0,000000;-7,080000;-8,240000;-6,769800;-1,236200;0,000000;0,000000;-0,835700;559782,000000;1497000,000000;0,000000;-0,682100;13
86;CRDE3;39,500000;-7,570000;0,600000;3,134000;0,000000;0,529000;2,250000;-7,760000;3,250000;-5,570000;-5,580000;-0,403800;-0,567400;5,610000;-0,082300;-0,079700;32594,100000;158573000,000000;0,000000;-0,052500;13
87;TCSA3;1,870000;-5,240000;1,380000;4,306000;0,000000;0,727000;4,080000;-26,850000;-17,460000;-27,770000;-32,440000;-0,160400;-0,836000;1,720000;-0,033300;-0,262400;35836100,000000;1000390000,000000;0,390000;-0,328100;13
88;GFSA3;9,160000;-3,070000;1,410000;2,303000;0,000000;0,428000;1,990000;698,350000;1178,160000;924,910000;76,280000;0,003300;-0,749100;1,450000;0,000800;-0,458600;44702200,000000;780159000,000000;0,960000;-0,327600;13
89;BBRK3;5,320000;-2,470000;1,030000;1,403000;0,000000;0,446000;3,450000;-25,210000;-1,560000;-29,590000;63,820000;-0,055600;-0,424700;1,930000;-0,022100;-0,417400;1040780,000000;187133000,000000;0,600000;-0,093100;13
90;ETER3;5,990000;-2,390000;-80,140000;0,369000;0,000000;0,334000;8,940000;-3,150000;-0,570000;-4,770000;-7,000000;-0,117300;-0,154500;1,100000;-0,122800;33,553300;3126460,000000;-2375000,000000;-45,810000;-0,163000;13
91;JFEN3;4,480000;-1,160000;1,400000;4,771000;0,000000;0,269000;0,970000;-3,200000;-5,840000;-7,290000;-7,360000;-1,491600;-4,331000;1,520000;-0,087800;-1,209000;765740,000000;336159000,000000;1,840000;-0,417600;13
92;VIVR3;3,180000;-0,590000;-1,600000;-3,759000;0,000000;0,267000;-0,600000;-1,620000;-0,330000;-4,320000;-4,480000;2,321300;6,441200;0,440000;-0,170700;2,732800;5484100,000000;-92585000,000000;-2,710000;-0,436000;13
93;AZEV3;7,550000;-0,310000;-0,190000;0,831000;0,000000;0,691000;-0,260000;-0,720000;-0,160000;-1,230000;-1,310000;-1,150700;-2,721300;0,130000;-1,924600;0,630200;114688,000000;-211781000,000000;-0,140000;-0,413600;13
94;RSID3;9,150000;-0,290000;-0,270000;3,111000;0,000000;0,072000;-1,950000;-1,200000;-0,090000;-12,910000;-13,840000;-2,598000;-11,122900;0,920000;-0,066200;0,957700;2616480,000000;-571672000,000000;-2,810000;-0,524500;13
95;MEND6;9,500000;-0,230000;-0,010000;52,938000;0,000000;0,103000;-0,070000;-796,220000;-0,010000;-76312,000000;26292,400000;-0,066500;-229,213000;0,000000;-0,000100;0,039000;12410,800000;-10872100000,000000;-0,850000;-0,209100;13
96;AZEV4;4,680000;-0,190000;-0,120000;0,515000;0,000000;0,428000;-0,160000;-0,450000;-0,100000;-0,960000;-1,020000;-1,150700;-2,721300;0,130000;-1,924600;0,630200;556036,000000;-211781000,000000;-0,140000;-0,413600;13
97;MEND5;6,500000;-0,160000;-0,010000;36,221000;0,000000;0,070000;-0,050000;-544,790000;-0,010000;-76060,600000;26205,800000;-0,066500;-229,213000;0,000000;-0,000100;0,039000;2553,080000;-10872100000,000000;-0,850000;-0,209100;13
98;PDGR3;8,060000;-0,090000;-0,010000;0,506000;0,000000;0,030000;-0,030000;-8,980000;-0,010000;-222,240000;266,190000;-0,056300;-5,751200;0,440000;-0,003900;0,162300;1442800,000000;-4576270000,000000;-0,370000;-0,434600;13
99;PTBL3;5,800000;7,140000;2,540000;0,684000;0,026700;0,504000;3,260000;22,260000;-1,560000;33,420000;15,040000;0,030700;0,095800;1,480000;0,030300;0,355200;4335780,000000;362385000,000000;2,180000;0,019700;13
100;SOND6;37,000000;9,400000;1,750000;1,488000;0,170100;1,185000;3,100000;12,650000;4,650000;9,050000;7,680000;0,117600;0,158300;2,970000;0,144500;0,185900;197,440000;52039000,000000;0,000000;-0,195000;13
101;MRVE3;21,250000;12,930000;1,940000;1,533000;0,052300;0,644000;1,930000;9,760000;-6,270000;12,310000;11,390000;0,157000;0,128100;2,550000;0,070200;0,150300;100160000,000000;4854640000,000000;0,610000;0,075700;13
102;TEND3;33,150000;14,700000;2,650000;1,858000;0,018000;1,093000;2,210000;9,690000;13,180000;9,050000;8,380000;0,191700;0,126700;3,830000;0,167600;0,180600;43266100,000000;1303330000,000000;0,570000;0,242400;13
103;HAGA4;2,550000;16,830000;-0,370000;1,286000;0,000000;0,531000;1,390000;-10,480000;-0,330000;-13,550000;-30,730000;-0,122700;0,076400;1,900000;-0,140700;-0,022200;351291,000000;-81209100,000000;-0,550000;-0,071500;13
104;TRIS3;16,560000;26,430000;2,980000;4,223000;0,006500;1,825000;2,810000;22,000000;3,570000;20,740000;20,550000;0,192000;0,173900;3,990000;0,125400;0,112800;22094300,000000;1036050000,000000;0,340000;0,194300;13
105;DIRR3;15,830000;26,840000;1,870000;1,637000;0,055600;0,520000;1,280000;10,960000;-2,850000;11,430000;9,900000;0,149300;0,073000;4,720000;0,058600;0,069500;12405400,000000;1302000000,000000;0,710000;-0,073600;13
106;JHSF3;8,160000;28,190000;2,250000;8,870000;0,020300;1,045000;370,440000;39,940000;-2,360000;47,700000;41,400000;0,222100;0,334200;1,030000;0,026900;0,079800;34289200,000000;2313410000,000000;0,470000;-0,021000;13
107;HAGA3;4,900000;32,340000;-0,720000;2,470000;0,000000;1,020000;2,660000;-20,140000;-0,630000;-23,210000;-52,620000;-0,122700;0,076400;1,900000;-0,140700;-0,022200;22091,300000;-81209100,000000;-0,550000;-0,071500;13
108;CYRE3;31,650000;33,060000;2,470000;3,140000;0,057500;1,269000;3,370000;29,830000;10,040000;32,060000;29,220000;0,105300;0,118900;2,880000;0,051000;0,074900;118012000,000000;5112190000,000000;0,480000;-0,058100;13
109;ECOR3;16,370000;-44,440000;24,350000;2,456000;0,000000;0,723000;-7,120000;7,940000;-1,020000;13,780000;9,620000;0,309200;-0,055100;0,720000;0,119800;-0,547800;46692200,000000;375633000,000000;25,790000;0,060900;14
110;TPIS3;1,680000;-0,570000;0,430000;0,301000;0,000000;0,080000;-0,180000;-8,130000;-0,110000;-60,100000;6,590000;-0,037100;-0,548100;0,120000;-0,010300;-0,754800;903274,000000;684212000,000000;2,890000;-0,193400;14
111;TGMA3;40,090000;14,270000;4,580000;1,980000;0,039200;2,664000;13,920000;10,040000;63,150000;10,470000;9,520000;0,197300;0,138800;1,710000;0,309800;0,321100;11933300,000000;577735000,000000;0,390000;0,049000;14
112;WSON33;46,500000;26,430000;1,640000;2,057000;0,046100;0,725000;27,470000;5,970000;-1,710000;9,200000;9,200000;0,344800;0,081400;1,250000;0,134700;0,062100;2734800,000000;2018430000,000000;1,000000;-0,004900;14
113;LUXM4;27,900000;27,470000;1,260000;1,149000;0,067100;0,753000;-145,410000;12,550000;-2,470000;14,800000;6,150000;0,091600;0,041800;0,950000;0,063400;0,045800;12106,400000;115330000,000000;0,290000;0,160500;14
114;JSLG3;31,310000;33,920000;5,020000;0,705000;0,006000;0,318000;1,490000;5,940000;-0,750000;13,530000;7,710000;0,118800;0,028200;1,850000;0,090000;0,147900;13904500,000000;1290550000,000000;11,340000;0,112100;14
115;CCRO3;18,170000;49,690000;4,200000;3,602000;0,042000;1,172000;121,420000;11,220000;-2,170000;15,270000;9,750000;0,321100;0,060400;1,060000;0,120200;0,084500;105620000,000000;8742880000,000000;1,940000;0,052300;14
116;RLOG3;22,540000;53,200000;4,500000;1,477000;0,000000;0,329000;10,690000;5,160000;-0,540000;9,850000;5,320000;0,286400;0,101000;1,340000;0,067700;0,084600;12313500,000000;2320640000,000000;4,700000;0,210000;14
117;RAIL3;25,670000;56,250000;4,920000;5,660000;0,000000;1,262000;41,050000;19,700000;-2,050000;24,380000;13,190000;0,287400;0,101800;1,340000;0,068000;0,087400;210519000,000000;8142050000,000000;1,340000;0,176200;14
118;AZUL4;57,500000;117,300000;-30,480000;1,842000;0,000000;1,056000;-9,790000;13,080000;-1,290000;14,300000;7,860000;0,140700;0,015700;0,670000;0,095200;-0,259800;138097000,000000;-644791000,000000;-5,270000;0,203400;14
119;LOGN3;23,700000;190,800000;-7,470000;2,383000;0,000000;1,937000;65,460000;23,010000;-1,950000;34,150000;15,150000;0,103600;0,012500;1,130000;0,099400;-0,039100;34763200,000000;-330625000,000000;-3,890000;-0,003700;14
120;GOLL4;37,240000;396,650000;-1,630000;0,998000;0,000000;0,894000;-2,430000;10,140000;-0,760000;14,790000;7,010000;0,098400;0,024400;0,470000;0,115800;-0,004100;182074000,000000;-8137020000,000000;-1,020000;0,074700;14
121;BEEF3;13,360000;-16,880000;-7,030000;0,320000;0,000000;0,448000;2,190000;4,190000;-0,970000;8,970000;7,440000;0,076200;-0,018900;1,520000;0,174100;0,416500;76414700,000000;-767223000,000000;-12,720000;0,189800;15
122;BRFS3;36,340000;-12,700000;4,130000;1,011000;0,000000;0,681000;8,730000;14,930000;-1,560000;22,240000;11,150000;0,067800;-0,080500;1,250000;0,065900;-0,325000;183960000,000000;7149920000,000000;2,950000;-0,000400;15
123;BSEV3;3,600000;-3,640000;17,440000;0,602000;0,000000;0,337000;8,330000;13,930000;-0,550000;35,210000;4,790000;0,043200;-0,165500;1,120000;0,026900;-4,796400;275266,000000;210580000,000000;28,840000;0,016600;15
124;MNPR3;6,000000;-0,770000;-0,120000;0,196000;0,000000;0,212000;-0,110000;1,000000;-0,090000;0,990000;0,820000;0,195300;-0,256400;0,130000;0,222100;0,157100;70107,900000;-354128000,000000;-0,000000;0,011900;15
125;MRFG3;10,750000;3,180000;21,970000;0,170000;0,000000;0,243000;1,190000;2,710000;-0,600000;6,700000;4,690000;0,062700;0,080000;1,790000;0,137000;6,916100;116743000,000000;348061000,000000;56,470000;0,199600;15
126;CAML3;9,310000;10,110000;1,530000;0,681000;0,021400;0,639000;2,060000;13,640000;19,150000;19,040000;12,960000;0,049900;0,067300;2,020000;0,062800;0,150800;14336000,000000;2258460000,000000;0,990000;0,143200;15
127;CSAN3;73,050000;13,180000;3,000000;2,368000;0,013800;0,970000;7,990000;20,740000;-2,570000;26,860000;19,170000;0,114200;0,201100;1,750000;0,055900;0,227900;113106000,000000;9587870000,000000;1,230000;0,098200;15
128;BAUH4;73,400000;15,040000;5,280000;2,190000;0,006600;3,484000;13,290000;25,780000;15,390000;23,670000;22,380000;0,085000;0,145600;1,860000;0,248500;0,351000;80677,100000;72604000,000000;0,000000;0,127400;15
129;JBSS3;28,160000;18,310000;2,500000;0,395000;0,000100;0,628000;6,130000;6,740000;-1,480000;10,690000;7,020000;0,058600;0,023100;1,510000;0,114400;0,136700;401374000,000000;30703700000,000000;1,720000;0,054200;15
130;SMTO3;25,010000;29,030000;2,580000;2,542000;0,026200;0,768000;4,050000;16,390000;-1,990000;25,250000;7,890000;0,155100;0,087600;2,490000;0,054700;0,089000;20691300,000000;3426770000,000000;1,790000;0,139800;15
131;MDIA3;39,870000;31,300000;2,330000;2,257000;0,006300;1,688000;11,430000;28,270000;80,580000;29,320000;19,930000;0,079800;0,072100;2,000000;0,066600;0,074400;62569900,000000;5805250000,000000;0,200000;0,068000;15
132;JOPA4;23,000000;97,980000;0,490000;0,201000;0,031000;0,130000;0,390000;12,140000;-26,520000;39,680000;22,360000;0,016600;0,007500;2,090000;0,014300;0,005000;58,970000;494790000,000000;1,960000;0,025200;15
133;ABEV3;18,890000;26,920000;4,520000;5,633000;0,026000;2,900000;41,500000;18,220000;-46,080000;17,550000;13,850000;0,309200;0,216700;1,330000;0,213800;0,167900;353070000,000000;65751800000,000000;0,060000;0,041900;16
134;BOBR4;2,290000;-8,250000;-2,130000;0,534000;0,000000;1,005000;-2,810000;8,520000;-0,950000;12,630000;9,290000;0,062700;-0,064700;0,540000;0,148300;0,258500;630352,000000;-279734000,000000;-1,080000;-0,001500;18
135;ADHM3;3,300000;-4,010000;-1,260000;756,300000;0,000000;103,132000;-1,400000;-5,580000;-1,250000;-5,580000;-5,700000;-135,485000;-188,606000;0,000000;5,217000;0,314700;590811,000000;-19776000,000000;0,000000;0,434800;18
136;NTCO3;42,890000;0,000000;509314000,000000;0,000000;0,000000;46133600,000000;509314000,000000;0,000000;509314000,000000;0,000000;0,000000;0,000000;0,000000;1,100000;0,000000;0,000000;240007000,000000;100,000000;0,000000;0,000000;18
137;BIOM3;16,650000;-18,320000;15,560000;212,087000;0,000000;3,577000;30,190000;-25,190000;-7,200000;-27,730000;-29,560000;-8,420100;-11,579200;1,770000;-0,194100;-0,849500;653005,000000;65021000,000000;2,390000;9,183100;19
138;GBIO33;9,930000;24,510000;1,390000;1,393000;0,000000;0,801000;3,710000;8,160000;12,250000;9,290000;9,290000;0,170600;0,056800;1,790000;0,127500;0,056800;2604090,000000;760840000,000000;0,290000;-0,104000;19
139;QUAL3;40,650000;27,360000;4,970000;5,888000;0,117700;2,688000;8,800000;14,540000;-83,580000;14,580000;9,520000;0,405000;0,215200;3,520000;0,294200;0,181600;119269000,000000;2324350000,000000;0,560000;0,034700;19
140;PARD3;29,310000;27,360000;5,740000;2,907000;0,015700;2,358000;15,300000;18,180000;-9,250000;18,640000;14,110000;0,159900;0,106500;1,860000;0,154600;0,209700;7561100,000000;668985000,000000;0,350000;0,111700;19
141;ODPV3;16,700000;30,540000;8,260000;4,965000;0,021600;5,096000;34,050000;17,770000;81,160000;16,770000;16,030000;0,279400;0,163400;1,510000;0,409500;0,270600;30497600,000000;1073730000,000000;0,000000;0,092900;19
142;FLRY3;31,150000;31,380000;5,680000;3,474000;0,032100;2,075000;23,970000;18,510000;-5,340000;19,650000;12,440000;0,187700;0,110700;1,540000;0,129000;0,181000;56898500,000000;1737100000,000000;0,620000;0,116200;19
143;AALR3;20,950000;49,220000;1,920000;2,317000;0,004000;1,003000;87,060000;19,590000;-3,650000;23,890000;13,060000;0,118300;0,056700;1,070000;0,054600;0,039100;6094430,000000;1287910000,000000;0,500000;-0,005500;19
144;HAPV3;62,050000;52,690000;6,870000;9,110000;0,006600;4,231000;51,510000;46,030000;-20,450000;46,720000;42,410000;0,197900;0,173000;1,860000;0,105100;0,130400;203034000,000000;6708230000,000000;0,300000;0,000000;19
145;OFSA3;44,500000;59,560000;5,020000;4,012000;0,004400;2,741000;10,940000;33,580000;76,710000;36,640000;27,130000;0,119500;0,067400;2,050000;0,095800;0,084300;689183,000000;478261000,000000;0,630000;0,044700;19
146;GNDI3;68,780000;129,400000;15,580000;5,367000;0,001900;4,331000;120,060000;50,040000;-10,620000;50,810000;40,730000;0,107300;0,054400;1,130000;0,108500;0,120400;259083000,000000;2665060000,000000;0,920000;0,000000;19
147;PFRM3;6,960000;-166,910000;0,880000;0,184000;0,000000;0,274000;1,880000;5,750000;-5,970000;8,850000;5,780000;0,032000;-0,001100;1,290000;0,076100;-0,005200;6615090,000000;984289000,000000;0,720000;0,067000;20
148;PCAR4;90,580000;20,800000;2,240000;0,455000;0,009800;0,575000;4,160000;6,940000;-2,310000;7,690000;5,560000;0,065600;0,020200;1,390000;0,153600;0,107500;101808000,000000;10860000000,000000;1,410000;-0,085100;20
149;PCAR3;90,900000;20,870000;2,240000;0,457000;0,008900;0,577000;4,180000;6,970000;-2,320000;7,720000;5,580000;0,065600;0,020200;1,390000;0,153600;0,107500;5488,030000;10860000000,000000;1,410000;-0,085100;20
150;PNVL4;465,000000;26,280000;4,210000;0,830000;0,012000;1,553000;6,140000;9,860000;-51,990000;11,760000;8,600000;0,084200;0,031600;1,730000;0,206600;0,160300;165301,000000;498578000,000000;0,940000;0,064600;20
151;PNVL3;599,230000;33,860000;5,430000;1,070000;0,008400;2,001000;7,910000;12,710000;-67,000000;14,600000;10,690000;0,084200;0,031600;1,730000;0,206600;0,160300;224664,000000;498578000,000000;0,940000;0,064600;20
152;RADL3;109,800000;45,160000;9,150000;2,162000;0,005800;2,883000;21,280000;43,340000;-11,890000;44,330000;21,170000;0,049900;0,048600;1,450000;0,084600;0,202700;134835000,000000;3963120000,000000;0,310000;0,139500;20
153;MNDL3;35,500000;-17,600000;-0,620000;0,183000;0,000000;0,086000;-0,130000;2,910000;-0,100000;8,930000;6,190000;0,062800;-0,010400;0,270000;0,031200;0,035200;24650,200000;-142268000,000000;-1,300000;0,039500;21
154;TECN3;3,370000;-11,310000;0,630000;0,825000;0,000000;0,338000;1,060000;-14,170000;7,540000;-16,470000;-10,270000;-0,058200;-0,072900;2,640000;-0,030700;-0,056000;1865850,000000;417917000,000000;0,300000;-0,067600;21
155;CTKA4;13,400000;-1,030000;-0,250000;0,257000;0,000000;0,229000;-0,190000;3,630000;-0,170000;28,010000;19,240000;0,070800;-0,249100;0,320000;0,071100;0,240200;26747,700000;-335439000,000000;-1,700000;0,042800;21
156;CTKA3;13,000000;-1,000000;-0,240000;0,249000;0,000000;0,222000;-0,180000;3,520000;-0,170000;27,900000;19,160000;0,070800;-0,249100;0,320000;0,071100;0,240200;3939,130000;-335439000,000000;-1,700000;0,042800;21
157;TEKA3;9,400000;-0,050000;-0,000000;0,032000;0,000000;0,005000;-0,000000;-0,330000;-0,000000;-32,420000;-52,200000;-0,095800;-0,674500;0,020000;-0,023100;0,064900;959,180000;-1543650000,000000;-0,300000;0,003100;21
158;TEKA4;7,040000;-0,040000;-0,000000;0,024000;0,000000;0,004000;-0,000000;-0,250000;-0,000000;-32,340000;-52,070000;-0,095800;-0,674500;0,020000;-0,023100;0,064900;83026,100000;-1543650000,000000;-0,300000;0,003100;21
159;VIVA3;28,950000;0,000000;11,310000;0,000000;0,005400;5,404000;17,290000;0,000000;100,180000;0,000000;0,000000;0,000000;0,000000;2,190000;0,000000;0,000000;38684500,000000;604529000,000000;0,460000;0,000000;21
160;CEDO4;8,690000;1,690000;0,470000;0,130000;0,000000;0,115000;-4,730000;-4,290000;-0,390000;-14,810000;-967,570000;-0,030200;0,081000;0,950000;-0,031200;0,277900;12205,500000;185246000,000000;1,260000;0,122700;21
161;CEDO3;9,000000;1,750000;0,490000;0,134000;0,000000;0,119000;-4,900000;-4,440000;-0,410000;-14,960000;-977,570000;-0,030200;0,081000;0,950000;-0,031200;0,277900;1408,870000;185246000,000000;1,260000;0,122700;21
162;CTNM4;10,850000;3,280000;0,320000;0,281000;0,000000;0,076000;1,400000;0,920000;-0,360000;4,480000;3,430000;0,306900;0,176100;1,180000;0,092600;0,098500;261673,000000;1028930000,000000;1,490000;-0,143500;21
163;SGPS3;13,950000;3,700000;0,490000;0,945000;0,000000;0,206000;2,060000;-20,480000;-1,040000;-46,270000;23,290000;-0,046100;0,255200;1,350000;-0,011300;0,132600;1579540,000000;1420560000,000000;0,770000;-0,201100;21
164;CTSA4;6,860000;4,390000;0,940000;0,581000;0,051200;0,440000;5,670000;7,290000;-4,760000;13,790000;10,390000;0,079600;0,132200;1,210000;0,064800;0,214100;13043,300000;286680000,000000;0,870000;0,069300;21
165;CTSA3;6,960000;4,460000;0,950000;0,589000;0,045900;0,446000;5,760000;7,400000;-4,820000;13,900000;10,470000;0,079600;0,132200;1,210000;0,064800;0,214100;33259,200000;286680000,000000;0,870000;0,069300;21
166;CTNM3;17,590000;5,320000;0,520000;0,455000;0,000000;0,124000;2,270000;1,480000;-0,580000;5,050000;3,860000;0,306900;0,176100;1,180000;0,092600;0,098500;18923,000000;1028930000,000000;1,490000;-0,143500;21
167;ECPR3;71,990000;6,970000;0,700000;0,000000;0,028000;0,440000;0,000000;-91,190000;0,000000;-90,340000;-90,700000;0,000000;0,000000;0,000000;0,000000;0,100600;837,130000;195042000,000000;0,000000;0,000000;21
168;ECPR4;79,490000;7,700000;0,770000;0,000000;0,027900;0,486000;0,000000;-100,690000;0,000000;-99,840000;-100,240000;0,000000;0,000000;0,000000;0,000000;0,100600;629,360000;195042000,000000;0,000000;0,000000;21
169;PTNT4;5,110000;10,530000;1,120000;0,439000;0,034600;0,438000;3,410000;8,050000;-13,810000;10,120000;5,680000;0,054600;0,068300;1,360000;0,068100;0,106200;161055,000000;219520000,000000;0,550000;0,035900;21
170;VULC3;9,110000;15,530000;2,150000;1,671000;0,000000;1,620000;3,670000;15,900000;4,660000;15,830000;10,170000;0,105000;0,107600;3,910000;0,112500;0,138200;5130710,000000;1042570000,000000;0,040000;0,102200;21
171;CAMB4;6,250000;15,940000;3,700000;1,156000;0,000000;1,067000;27,730000;11,700000;-4,210000;14,500000;10,970000;0,098800;0,072600;1,090000;0,099200;0,232400;263815,000000;70840000,000000;0,950000;-0,071100;21
172;CAMB3;6,880000;17,550000;4,080000;1,273000;0,000000;1,175000;30,520000;12,880000;-4,630000;15,680000;11,860000;0,098800;0,072600;1,090000;0,099200;0,232400;188366,000000;70840000,000000;0,950000;-0,071100;21
173;GRND3;12,400000;20,870000;3,120000;5,209000;0,025900;2,886000;4,240000;33,120000;4,280000;28,260000;23,710000;0,157300;0,249600;10,770000;0,159200;0,149600;16084600,000000;3584890000,000000;0,020000;-0,001800;21
174;HGTX3;32,080000;21,110000;3,770000;3,320000;0,025200;2,828000;6,080000;22,740000;6,560000;21,570000;15,930000;0,146000;0,157300;3,160000;0,179600;0,178700;63306500,000000;1382520000,000000;0,050000;-0,001900;21
175;TXRX4;5,000000;24,090000;-0,070000;0,219000;0,000000;0,122000;-0,080000;7,980000;-0,050000;80,150000;27,240000;0,027400;0,009100;0,160000;0,024100;-0,002900;68947,000000;-305523000,000000;-0,630000;0,042100;21
176;DOHL4;7,500000;41,220000;0,790000;0,918000;0,000000;0,616000;1,530000;38,690000;2,260000;36,090000;15,750000;0,023700;0,022300;5,570000;0,017900;0,019100;12164,200000;575310000,000000;0,060000;0,060200;21
177;DOHL3;10,000000;54,950000;1,050000;1,224000;0,000000;0,821000;2,040000;51,590000;3,010000;48,990000;21,380000;0,023700;0,022300;5,570000;0,017900;0,019100;25,640000;575310000,000000;0,060000;0,060200;21
178;TXRX3;13,920000;67,060000;-0,190000;0,610000;0,000000;0,339000;-0,220000;22,220000;-0,140000;94,390000;32,070000;0,027400;0,009100;0,160000;0,024100;-0,002900;1397,080000;-305523000,000000;-0,630000;0,042100;21
179;ALPA3;27,000000;69,240000;6,260000;3,824000;0,000000;3,640000;12,060000;33,070000;23,540000;32,840000;24,750000;0,115600;0,049800;2,180000;0,140000;0,090500;212916,000000;2535080000,000000;0,170000;-0,005400;21
180;IGBR3;3,270000;-0,950000;-0,050000;9,635000;0,000000;0,154000;-0,500000;-3,480000;-0,040000;-81,670000;-96,890000;-2,770700;-10,095900;0,040000;-0,047400;0,049700;662591,000000;-861333000,000000;-1,070000;-0,189500;22
181;HETA4;8,790000;1,030000;-0,010000;4,151000;0,000000;0,462000;-0,120000;6,250000;-0,010000;458,950000;458,950000;0,663900;4,011100;0,020000;0,074800;-0,011300;16349,100000;-383060000,000000;-0,850000;-0,164800;22
182;WHRL3;9,440000;8,740000;4,980000;2,146000;0,055400;2,019000;104,900000;55,260000;-28,580000;54,430000;32,820000;0,038800;0,245000;1,040000;0,061700;0,570500;60991,700000;2846050000,000000;0,180000;-0,096300;22
183;WHRL4;9,990000;9,250000;5,270000;2,271000;0,057500;2,137000;111,010000;58,480000;-30,250000;57,650000;34,760000;0,038800;0,245000;1,040000;0,061700;0,570500;275631,000000;2846050000,000000;0,180000;-0,096300;22
184;SPRI3;9,500000;15,700000;0,610000;0,000000;0,000000;0,567000;0,000000;-11,620000;0,000000;-9,900000;-10,050000;0,000000;0,000000;0,000000;0,000000;0,039100;15464,600000;39160000,000000;0,000000;-0,428800;22
185;SPRI6;9,980000;16,500000;0,640000;0,000000;0,000000;0,596000;0,000000;-12,200000;0,000000;-10,480000;-10,650000;0,000000;0,000000;0,000000;0,000000;0,039100;1476,740000;39160000,000000;0,000000;-0,428800;22
186;SPRI5;10,250000;16,940000;0,660000;0,000000;0,000000;0,612000;0,000000;-12,530000;0,000000;-10,810000;-10,980000;0,000000;0,000000;0,000000;0,000000;0,039100;78,850000;39160000,000000;0,000000;-0,428800;22
187;SLED3;4,270000;-0,350000;6,140000;0,160000;0,000000;0,122000;1,970000;-0,580000;-0,180000;-2,830000;-4,500000;-0,277500;-0,452500;1,240000;-0,235200;-17,371800;310569,000000;18580000,000000;24,970000;-0,192500;23
188;HOOT4;2,500000;-0,730000;-0,180000;0,826000;0,000000;0,096000;-0,090000;-1,560000;-0,060000;-1,570000;-2,560000;-0,531100;-1,132100;0,040000;-0,064400;0,251400;36181,700000;-250296000,000000;-0,010000;-0,181800;24
189;BKBR3;17,420000;43,390000;2,260000;1,428000;0,007600;1,353000;-95,780000;33,120000;-5,230000;32,730000;10,360000;0,043100;0,032900;0,910000;0,046900;0,052200;17149900,000000;1755120000,000000;0,080000;0,292500;24
190;SHOW3;6,120000;-5,320000;1,480000;0,777000;0,009700;0,656000;2,180000;-22,970000;53,350000;-18,780000;-74,170000;-0,033900;-0,147700;2,130000;-0,052500;-0,277800;1587350,000000;279348000,000000;0,580000;0,005700;25
191;ESTR4;35,200000;-0,730000;-0,060000;0,210000;0,000000;0,121000;-0,060000;-17,730000;-0,050000;-53,400000;38,880000;-0,011900;-0,289300;0,200000;-0,007600;0,084600;5806,790000;-462674000,000000;-0,120000;-0,066300;25
192;CVCB3;42,040000;25,970000;4,570000;3,169000;0,010500;0,905000;3,770000;8,890000;-12,150000;10,500000;8,770000;0,356300;0,115600;1,490000;0,122100;0,176200;120754000,000000;1370930000,000000;1,130000;0,190000;25
193;SMLS3;40,240000;8,170000;4,300000;4,640000;0,091900;1,899000;3,520000;6,770000;4,590000;5,480000;5,320000;0,685900;0,568200;2,250000;0,477900;0,526500;47697300,000000;1161930000,000000;0,000000;-0,092800;26
194;SEER3;28,010000;20,960000;2,740000;2,894000;0,091200;1,440000;8,180000;14,600000;-9,730000;13,330000;9,140000;0,198300;0,138100;2,170000;0,125600;0,130600;12782900,000000;1317110000,000000;0,150000;0,062200;26
195;YDUQ3;46,110000;23,580000;4,460000;3,970000;0,011100;2,483000;14,520000;17,600000;-16,130000;18,870000;13,330000;0,225600;0,168400;2,440000;0,171100;0,189300;129435000,000000;3192040000,000000;0,600000;0,060700;26
196;MOVI3;20,330000;31,100000;2,700000;1,765000;0,017800;0,809000;68,570000;13,460000;-2,310000;17,250000;11,800000;0,131200;0,056800;1,030000;0,105500;0,086900;31431100,000000;2247810000,000000;1,490000;0,230400;26
197;COGN3;12,200000;38,820000;1,250000;2,858000;0,009900;0,613000;11,860000;23,040000;-1,580000;35,530000;15,500000;0,124100;0,073100;1,760000;0,027500;0,032200;150660000,000000;16062500000,000000;0,700000;0,080000;26
198;LCAM3;24,440000;40,840000;4,580000;2,804000;0,012500;1,336000;109,330000;16,260000;-2,790000;21,030000;13,400000;0,172400;0,068700;1,060000;0,113800;0,112200;57394200,000000;2712690000,000000;1,670000;0,618800;26
199;RENT3;47,850000;46,110000;6,860000;3,719000;0,008100;2,113000;186,040000;24,890000;-4,350000;28,720000;20,270000;0,149400;0,080600;1,060000;0,114400;0,148800;182568000,000000;5287410000,000000;1,460000;0,269900;26
200;BTOW3;66,780000;-79,940000;6,200000;5,441000;0,000000;2,089000;5,760000;887,010000;-39,760000;891,400000;65,170000;0,006100;-0,068100;2,470000;0,005900;-0,077500;133884000,000000;5637460000,000000;1,410000;-0,085300;27
201;VVAR3;11,700000;-17,720000;10,320000;0,596000;0,000000;0,697000;-3,820000;13,260000;-1,590000;16,920000;10,610000;0,045000;-0,033600;0,730000;0,077200;-0,582100;441058000,000000;1474000000,000000;3,800000;0,087000;27
202;CNTO3;39,150000;0,000000;8,300000;0,000000;0,000000;2,476000;35,800000;0,000000;-6,940000;0,000000;0,000000;0,000000;0,000000;1,250000;0,000000;0,000000;40243900,000000;991151000,000000;0,040000;0,000000;27
203;CGRA3;28,160000;10,440000;1,070000;1,203000;0,046300;0,729000;2,930000;13,150000;9,760000;12,090000;9,040000;0,091400;0,115200;2,740000;0,065000;0,102200;52799,900000;530643000,000000;0,000000;0,042600;27
204;CGRA4;29,220000;10,830000;1,110000;1,248000;0,044600;0,757000;3,050000;13,650000;10,130000;12,580000;9,410000;0,091400;0,115200;2,740000;0,065000;0,102200;266005,000000;530643000,000000;0,000000;0,042600;27
205;GUAR3;26,710000;11,450000;2,650000;1,765000;0,022300;1,115000;4,230000;23,530000;-76,630000;26,460000;14,650000;0,075000;0,154100;1,870000;0,055500;0,231800;19341800,000000;5022210000,000000;0,570000;0,092300;27
206;HYPE3;36,030000;18,440000;2,640000;6,916000;0,029700;2,101000;9,420000;37,310000;14,120000;35,910000;30,270000;0,185400;0,375000;2,730000;0,066400;0,142900;66976200,000000;8641610000,000000;0,060000;-0,004600;27
207;LLIS3;16,600000;21,050000;0,520000;1,138000;0,021500;0,262000;40,890000;1927,030000;-1,070000;4294,170000;19,320000;0,000600;0,020800;1,030000;0,000200;0,024600;1987990,000000;2202920000,000000;0,790000;-0,010700;27
208;ARZZ3;60,860000;37,990000;7,790000;3,409000;0,026200;3,978000;11,870000;32,110000;20,640000;31,610000;22,200000;0,106200;0,089700;1,970000;0,178200;0,205100;38262200,000000;710655000,000000;0,270000;0,100000;27
209;LREN3;57,130000;44,310000;10,640000;4,916000;0,009600;4,311000;24,860000;22,800000;-61,020000;23,130000;17,540000;0,215600;0,111000;1,490000;0,229500;0,240100;202771000,000000;4273030000,000000;0,400000;0,118100;27
210;AMAR3;14,290000;67,450000;4,440000;1,335000;0,000000;1,068000;8,140000;16,010000;-5,180000;22,210000;10,100000;0,083400;0,005200;1,310000;0,082400;0,065800;28413700,000000;840223000,000000;1,920000;-0,037000;27
211;LAME3;20,340000;85,880000;6,730000;1,802000;0,009000;1,016000;3,270000;16,580000;-5,070000;20,690000;12,680000;0,108700;0,011700;2,150000;0,120800;0,078400;29045300,000000;4851110000,000000;4,030000;0,004000;27
212;MGLU3;51,800000;89,200000;26,350000;4,647000;0,002800;6,350000;170,210000;98,400000;-22,700000;99,200000;67,290000;0,047200;0,052100;1,080000;0,095100;0,295400;520232000,000000;3193620000,000000;0,360000;0,198600;27
213;POSI3;9,870000;88,090000;1,650000;0,448000;0,000000;0,462000;2,690000;6,860000;7,880000;8,970000;6,930000;0,065400;0,006700;1,280000;0,114100;0,018800;33018100,000000;524611000,000000;1,210000;0,004100;28
214;SQIA3;24,150000;-461,470000;3,950000;10,217000;0,000400;2,756000;4,870000;147,020000;8,110000;120,570000;59,490000;0,069500;-0,022100;8,380000;0,047200;-0,008600;16783800,000000;430818000,000000;0,140000;0,240800;29
215;IDNT3;3,340000;3,230000;2,640000;0,000000;0,000000;0,822000;0,000000;-12,620000;0,000000;-11,870000;-11,890000;0,000000;0,000000;0,000000;0,000000;0,816300;1030220,000000;20705000,000000;0,000000;-0,804200;29
216;TOTS3;68,980000;115,900000;5,390000;5,788000;0,006100;3,693000;10,420000;19,860000;14,560000;18,330000;15,120000;0,291500;0,050100;2,660000;0,325700;0,046500;127917000,000000;2466200000,000000;0,190000;0,051700;29
217;OIBR4;1,270000;-0,750000;0,380000;0,367000;0,000000;0,104000;0,920000;-5,130000;-0,230000;-15,120000;4,310000;-0,071700;-0,493300;1,690000;-0,023100;-0,506900;1650310,000000;19917200000,000000;0,900000;-0,051900;30
218;OIBR3;0,890000;-0,520000;0,270000;0,257000;0,000000;0,073000;0,640000;-3,590000;-0,160000;-13,590000;3,870000;-0,071700;-0,493300;1,690000;-0,023100;-0,506900;108070000,000000;19917200000,000000;0,900000;-0,051900;30
219;VIVT3;50,280000;16,310000;1,200000;1,933000;0,066900;0,768000;49,880000;12,610000;-4,390000;13,970000;5,540000;0,153300;0,118600;1,090000;0,068100;0,073800;2503240,000000;70612300000,000000;0,190000;0,029000;30
220;VIVT4;57,310000;18,590000;1,370000;2,204000;0,064600;0,876000;56,860000;14,370000;-5,010000;15,730000;6,240000;0,153300;0,118600;1,090000;0,068100;0,073800;87607200,000000;70612300000,000000;0,190000;0,029000;30
221;TIMP3;16,320000;11,840000;1,820000;2,291000;0,018900;1,015000;-70,000000;15,390000;-3,780000;15,620000;5,240000;0,148800;0,193400;0,920000;0,074800;0,153300;83721700,000000;21762700000,000000;0,100000;-0,003900;31
222;CESP5;32,000000;-94,540000;1,510000;6,776000;0,057000;0,900000;22,670000;149,040000;-2,720000;168,010000;28,350000;0,045500;-0,071700;2,180000;0,006300;-0,016000;45603,900000;6940700000,000000;0,270000;-0,152300;32
223;CESP6;31,730000;-93,750000;1,500000;6,719000;0,027900;0,892000;22,480000;147,780000;-2,700000;166,750000;28,140000;0,045500;-0,071700;2,180000;0,006300;-0,016000;47104500,000000;6940700000,000000;0,270000;-0,152300;32
224;CESP3;31,730000;-93,750000;1,500000;6,719000;0,027900;0,892000;22,480000;147,780000;-2,700000;166,750000;28,140000;0,045500;-0,071700;2,180000;0,006300;-0,016000;661936,000000;6940700000,000000;0,270000;-0,152300;32
225;CEED4;100,000000;-0,850000;-0,290000;0,295000;0,000000;0,258000;-0,320000;-1,850000;-0,160000;-3,280000;-4,240000;-0,159500;-0,346600;0,240000;-0,172700;0,339000;256,410000;-3352110000,000000;-0,240000;-0,199700;32
226;CEED3;100,000000;-0,850000;-0,290000;0,295000;0,000000;0,258000;-0,320000;-1,850000;-0,160000;-3,280000;-4,240000;-0,159500;-0,346600;0,240000;-0,172700;0,339000;1374,380000;-3352110000,000000;-0,240000;-0,199700;32
227;RNEW3;4,920000;-0,180000;-0,240000;0,917000;0,000000;0,089000;-0,090000;-1,090000;-0,070000;-9,000000;-9,790000;-0,840500;-5,114300;0,010000;-0,094500;1,344000;121001,000000;-851318000,000000;-1,760000;-0,051600;32
228;RNEW11;12,750000;-0,150000;-0,210000;0,793000;0,000000;0,077000;-0,080000;-0,940000;-0,060000;-8,850000;-9,630000;-0,840500;-5,114300;0,010000;-0,094500;1,344000;303056,000000;-851318000,000000;-1,760000;-0,051600;32
229;RNEW4;3,940000;-0,140000;-0,190000;0,735000;0,000000;0,071000;-0,070000;-0,870000;-0,050000;-8,780000;-9,550000;-0,840500;-5,114300;0,010000;-0,094500;1,344000;94531,200000;-851318000,000000;-1,760000;-0,051600;32
230;ELET3;40,100000;2,760000;0,860000;3,489000;0,020500;0,306000;3,870000;3,780000;-0,720000;6,410000;5,720000;0,923800;1,267100;1,560000;0,088600;0,311600;156861000,000000;63049800000,000000;0,800000;-0,162800;32
231;ELET6;40,650000;2,800000;0,870000;3,537000;0,034400;0,310000;3,920000;3,830000;-0,730000;6,460000;5,760000;0,923800;1,267100;1,560000;0,088600;0,311600;80506500,000000;63049800000,000000;0,800000;-0,162800;32
232;ELET5;44,000000;3,030000;0,940000;3,828000;0,000000;0,336000;4,250000;4,140000;-0,800000;6,770000;6,050000;0,923800;1,267100;1,560000;0,088600;0,311600;1083,560000;63049800000,000000;0,800000;-0,162800;32
233;LIGT3;23,440000;3,990000;1,030000;0,549000;0,005500;0,288000;11,300000;3,760000;-0,580000;7,560000;5,800000;0,146000;0,137600;1,130000;0,092800;0,258500;58197300,000000;6910670000,000000;1,340000;0,052200;32
234;CMIG4;14,930000;6,000000;1,270000;0,890000;0,048600;0,435000;8,630000;4,640000;-0,970000;7,540000;6,280000;0,192000;0,150100;1,320000;0,101200;0,211100;104569000,000000;17207300000,000000;0,880000;0,038600;32
235;CMIG3;16,650000;6,690000;1,410000;0,992000;0,043600;0,485000;9,620000;5,170000;-1,080000;8,070000;6,730000;0,192000;0,150100;1,320000;0,101200;0,211100;17326700,000000;17207300000,000000;0,880000;0,038600;32
236;CEBR6;54,500000;7,310000;2,010000;0,293000;0,001000;0,219000;6,740000;6,330000;-0,590000;8,090000;5,530000;0,046300;0,053500;1,080000;0,041900;0,274600;59565,200000;391531000,000000;1,260000;0,040700;32
237;TRPL4;22,100000;7,450000;1,220000;4,213000;0,068300;0,728000;7,050000;6,210000;-3,490000;7,070000;7,010000;0,678100;0,570300;2,330000;0,125100;0,163600;35470000,000000;11949600000,000000;0,270000;0,096900;32
238;CEBR3;56,700000;7,600000;2,090000;0,305000;0,000900;0,228000;7,020000;6,580000;-0,620000;8,350000;5,700000;0,046300;0,053500;1,080000;0,041900;0,274600;43637,100000;391531000,000000;1,260000;0,040700;32
239;ALUP4;8,350000;8,540000;1,450000;1,904000;0,018000;0,447000;2,600000;3,440000;-1,620000;5,140000;4,890000;0,553100;0,398500;2,790000;0,162500;0,169700;115938,000000;5064230000,000000;1,290000;0,206900;32
240;CEBR5;63,940000;8,570000;2,350000;0,344000;0,061400;0,257000;7,910000;7,420000;-0,690000;9,190000;6,270000;0,046300;0,053500;1,080000;0,041900;0,274600;7001,310000;391531000,000000;1,260000;0,040700;32
241;TAEE11;30,370000;9,090000;2,090000;5,416000;0,062300;0,979000;5,040000;8,530000;-4,090000;12,390000;12,270000;0,635300;0,596300;2,960000;0,115900;0,230400;47377800,000000;4997130000,000000;0,950000;0,053500;32
242;TAEE4;10,140000;9,100000;2,100000;5,425000;0,062200;0,981000;5,050000;8,540000;-4,100000;12,410000;12,290000;0,635300;0,596300;2,960000;0,115900;0,230400;457949,000000;4997130000,000000;0,950000;0,053500;32
243;TAEE3;10,180000;9,140000;2,110000;5,447000;0,061900;0,985000;5,070000;8,570000;-4,110000;12,440000;12,320000;0,635300;0,596300;2,960000;0,115900;0,230400;262742,000000;4997130000,000000;0,950000;0,053500;32
244;CLSC3;47,990000;9,210000;0,910000;0,243000;0,046400;0,171000;-22,580000;5,910000;-0,380000;8,790000;5,130000;0,041000;0,026300;0,980000;0,033800;0,099200;719,900000;2025410000,000000;0,760000;0,036300;32
245;TRPL3;28,400000;9,570000;1,570000;5,415000;0,053200;0,935000;9,060000;7,990000;-4,480000;8,840000;8,770000;0,678100;0,570300;2,330000;0,125100;0,163600;96756,900000;11949600000,000000;0,270000;0,096900;32
246;ALUP11;28,240000;9,630000;1,630000;2,146000;0,015900;0,504000;2,940000;3,880000;-1,830000;5,570000;5,310000;0,553100;0,398500;2,790000;0,162500;0,169700;20572000,000000;5064230000,000000;1,290000;0,206900;32
247;CLSC4;51,030000;9,790000;0,970000;0,258000;0,048000;0,182000;-24,010000;6,290000;-0,410000;9,170000;5,350000;0,041000;0,026300;0,980000;0,033800;0,099200;1081330,000000;2025410000,000000;0,760000;0,036300;32
248;ENBR3;22,670000;10,100000;1,480000;1,000000;0,019900;0,536000;5,040000;6,630000;-1,840000;9,520000;7,260000;0,150800;0,109800;1,540000;0,098700;0,146800;63502500,000000;9280790000,000000;0,940000;0,110100;32
249;CPLE6;71,950000;10,990000;1,130000;1,271000;0,039600;0,536000;10,470000;5,920000;-1,620000;8,590000;6,710000;0,214900;0,119900;1,390000;0,100700;0,102700;69777800,000000;17451900000,000000;0,630000;0,010700;32
250;CPLE3;74,750000;11,420000;1,170000;1,321000;0,034600;0,557000;10,880000;6,150000;-1,680000;8,820000;6,890000;0,214900;0,119900;1,390000;0,100700;0,102700;12005600,000000;17451900000,000000;0,630000;0,010700;32
251;ALUP3;11,220000;11,480000;1,950000;2,558000;0,013400;0,601000;3,500000;4,630000;-2,180000;6,320000;6,020000;0,553100;0,398500;2,790000;0,162500;0,169700;200914,000000;5064230000,000000;1,290000;0,206900;32
252;ENMT4;29,990000;12,040000;3,120000;1,365000;0,037800;0,856000;19,970000;7,930000;-1,880000;12,240000;9,790000;0,172100;0,113300;1,190000;0,118500;0,259300;22528,900000;2044870000,000000;1,810000;0,114800;32
253;ENMT3;29,990000;12,040000;3,120000;1,365000;0,037800;0,856000;19,970000;7,930000;-1,880000;12,240000;9,790000;0,172100;0,113300;1,190000;0,118500;0,259300;13315,300000;2044870000,000000;1,810000;0,114800;32
254;EMAE4;36,940000;12,080000;1,490000;2,929000;0,017600;0,941000;3,380000;58,880000;-142,940000;47,670000;38,390000;0,049700;0,242400;4,420000;0,020900;0,122900;369263,000000;918883000,000000;0,080000;0,207800;32
255;COCE3;52,000000;12,340000;1,350000;0,778000;0,036000;0,478000;27,760000;9,290000;-1,160000;14,020000;9,040000;0,083800;0,063100;1,080000;0,058000;0,109800;1312,820000;2988960000,000000;0,770000;0,062500;32
256;CBEE3;19,500000;12,400000;0,890000;0,563000;0,000000;0,312000;-10,690000;5,430000;-0,780000;11,700000;6,990000;0,103700;0,045400;0,890000;0,064200;0,071500;9165,740000;3665090000,000000;1,120000;0,035900;32
257;GEPA3;45,590000;12,420000;2,320000;3,066000;0,071800;0,911000;-26,900000;7,360000;-2,800000;7,670000;5,590000;0,416600;0,246900;0,890000;0,229600;0,187000;5646,720000;1853850000,000000;0,730000;0,035800;32
258;EKTR3;24,980000;13,060000;1,850000;1,009000;0,028100;0,618000;4,650000;7,590000;-1,870000;12,570000;9,400000;0,133000;0,077300;1,660000;0,096900;0,141800;814,970000;2614100000,000000;1,460000;-0,013300;32
259;EKTR4;25,000000;13,070000;1,850000;1,010000;0,030900;0,618000;4,650000;7,590000;-1,870000;12,570000;9,410000;0,133000;0,077300;1,660000;0,096900;0,141800;13571,100000;2614100000,000000;1,460000;-0,013300;32
260;CEPE6;17,460000;13,190000;0,810000;0,290000;0,117600;0,164000;7,360000;2,830000;-0,310000;12,560000;8,030000;0,102500;0,022000;1,090000;0,065900;0,061000;44,770000;1618100000,000000;2,960000;0,014700;32
261;GEPA4;50,700000;13,810000;2,580000;3,410000;0,064500;1,013000;-29,920000;8,190000;-3,110000;8,490000;6,190000;0,416600;0,246900;0,890000;0,229600;0,187000;90418,300000;1853850000,000000;0,730000;0,035800;32
262;CEEB5;38,910000;14,460000;2,030000;1,372000;0,000000;0,553000;14,310000;8,450000;-1,090000;14,210000;10,150000;0,162400;0,094800;1,210000;0,071100;0,140400;673,900000;5021360000,000000;1,490000;0,043800;32
263;NEOE3;24,380000;14,970000;1,590000;1,064000;0,018800;0,558000;6,990000;6,970000;-1,370000;11,540000;8,630000;0,152600;0,073600;1,510000;0,090600;0,106300;57372600,000000;18601500000,000000;1,230000;0,202200;32
264;NEOE3;24,380000;14,970000;1,590000;1,064000;0,018800;0,558000;6,990000;6,970000;-1,370000;11,540000;8,630000;0,152600;0,073600;1,510000;0,090600;0,106300;57372600,000000;18601500000,000000;1,230000;0,202200;32
265;COCE5;64,000000;15,180000;1,670000;0,957000;0,029200;0,588000;34,160000;11,430000;-1,430000;16,160000;10,420000;0,083800;0,063100;1,080000;0,058000;0,109800;3061850,000000;2988960000,000000;0,770000;0,062500;32
266;EQTL3;23,900000;15,210000;3,640000;1,473000;0,007900;0,713000;6,090000;6,370000;-1,470000;9,510000;8,280000;0,231200;0,114300;1,690000;0,137800;0,239300;131109000,000000;6635790000,000000;2,500000;0,202100;32
267;CEEB3;44,000000;16,360000;2,300000;1,551000;0,089500;0,625000;16,180000;9,550000;-1,230000;15,310000;10,940000;0,162400;0,094800;1,210000;0,071100;0,140400;7516,970000;5021360000,000000;1,490000;0,043800;32
268;CPFE3;35,990000;16,820000;3,040000;1,450000;0,011800;0,929000;43,290000;9,120000;-2,110000;12,880000;9,930000;0,159100;0,089600;1,090000;0,119100;0,180700;66632400,000000;13649400000,000000;1,490000;0,117800;32
269;EGIE3;52,370000;17,410000;5,650000;4,589000;0,031000;1,531000;36,450000;11,180000;-2,690000;14,370000;11,900000;0,410400;0,263700;1,350000;0,149000;0,324300;62788400,000000;7567780000,000000;1,840000;0,103700;32
270;TIET4;2,890000;19,260000;3,770000;2,900000;0,056900;0,733000;22,460000;8,000000;-1,280000;12,080000;8,540000;0,362400;0,150600;1,160000;0,134400;0,195800;1531960,000000;1529330000,000000;2,760000;-0,395400;32
271;CEPE5;26,000000;19,650000;1,200000;0,432000;0,071800;0,244000;10,960000;4,210000;-0,470000;13,950000;8,910000;0,102500;0,022000;1,090000;0,065900;0,061000;1901,150000;1618100000,000000;2,960000;0,014700;32
272;TIET11;15,290000;20,380000;3,990000;3,069000;0,053800;0,776000;23,760000;8,470000;-1,350000;12,550000;8,870000;0,362400;0,150600;1,160000;0,134400;0,195800;24071400,000000;1529330000,000000;2,760000;-0,395400;32
273;ENEV3;45,680000;20,450000;2,210000;5,210000;0,000000;1,108000;11,520000;18,950000;-3,650000;24,020000;15,050000;0,274900;0,255000;1,980000;0,068600;0,107900;66007600,000000;6533980000,000000;0,820000;0,204500;32
274;AFLT3;11,190000;22,090000;3,260000;17,252000;0,009400;3,101000;9,860000;22,410000;11,010000;20,780000;20,780000;0,770000;0,780800;22,450000;0,181100;0,147300;75614,500000;216847000,000000;0,010000;0,357500;32
275;CSRN3;20,500000;22,150000;3,440000;1,781000;0,056100;0,859000;8,760000;13,800000;-1,660000;19,980000;14,650000;0,129100;0,080400;1,720000;0,069700;0,155200;3060,870000;1002440000,000000;1,740000;0,046000;32
276;ENGI4;10,470000;24,020000;3,460000;1,018000;0,020600;0,501000;5,050000;9,560000;-0,920000;16,670000;10,380000;0,106500;0,045500;1,520000;0,059300;0,144100;50857,000000;5488090000,000000;3,040000;0,136100;32
277;CELP7;6,050000;24,270000;4,070000;2,475000;0,018200;1,329000;6,410000;11,440000;-4,530000;10,370000;8,430000;0,216300;0,102000;2,200000;0,148600;0,167800;7400,150000;3280990000,000000;0,110000;0,063200;32
278;CELP5;6,060000;24,310000;4,080000;2,479000;0,019800;1,331000;6,420000;11,460000;-4,540000;10,390000;8,450000;0,216300;0,102000;2,200000;0,148600;0,167800;8752,180000;3280990000,000000;0,110000;0,063200;32
279;TIET3;3,740000;24,920000;4,880000;3,753000;0,044000;0,949000;29,060000;10,360000;-1,650000;14,440000;10,210000;0,362400;0,150600;1,160000;0,134400;0,195800;794644,000000;1529330000,000000;2,760000;-0,395400;32
280;ELPL3;49,320000;25,030000;2,830000;0,689000;0,000000;0,411000;24,440000;6,940000;-0,680000;9,470000;6,980000;0,099300;0,027500;1,070000;0,066400;0,112900;669446,000000;3445110000,000000;1,250000;0,031000;32
281;ENGI11;55,400000;25,420000;3,660000;1,077000;0,019500;0,530000;5,350000;10,120000;-0,970000;17,220000;10,720000;0,106500;0,045500;1,520000;0,059300;0,144100;63541000,000000;5488090000,000000;3,040000;0,136100;32
282;REDE3;8,890000;27,340000;5,180000;1,711000;0,051800;0,984000;6,720000;11,810000;-2,370000;16,270000;11,580000;0,144900;0,085400;1,810000;0,092400;0,189400;26938,900000;3532700000,000000;2,190000;0,103600;32
283;ENGI3;13,260000;30,430000;4,380000;1,289000;0,016300;0,634000;6,400000;12,110000;-1,160000;19,210000;11,960000;0,106500;0,045500;1,520000;0,059300;0,144100;99342,400000;5488090000,000000;3,040000;0,136100;32
284;CPRE3;19,280000;113,240000;2,270000;5,402000;0,000000;0,849000;-75,070000;11,530000;-1,700000;16,420000;10,290000;0,468300;0,053300;0,910000;0,080700;0,020000;12358,900000;4432400000,000000;1,170000;0,079500;32
285;LIPR3;75,640000;194,050000;5,190000;0,000000;0,028400;4,019000;0,000000;-84,380000;0,000000;-76,600000;-76,810000;0,000000;0,000000;0,000000;0,000000;0,026700;10781,600000;171511000,000000;0,000000;0,000000;32
286;SAPR4;19,500000;9,690000;1,630000;2,192000;0,044900;0,850000;-52,510000;5,630000;-2,200000;7,270000;6,140000;0,389100;0,226200;0,850000;0,157000;0,168300;19233500,000000;6024830000,000000;0,520000;0,118600;33
287;SAPR11;99,000000;9,840000;1,660000;2,226000;0,043500;0,863000;-53,320000;5,720000;-2,240000;7,360000;6,210000;0,389100;0,226200;0,850000;0,157000;0,168300;61211700,000000;6024830000,000000;0,520000;0,118600;33
288;SAPR3;20,600000;10,240000;1,720000;2,316000;0,038700;0,898000;-55,470000;5,950000;-2,330000;7,590000;6,410000;0,389100;0,226200;0,850000;0,157000;0,168300;1545800,000000;6024830000,000000;0,520000;0,118600;33
289;SBSP3;57,410000;10,280000;1,800000;2,157000;0,020200;0,856000;51,240000;6,130000;-2,070000;7,850000;6,210000;0,352100;0,209900;1,180000;0,149400;0,175100;164961000,000000;21801900000,000000;0,630000;0,112900;33
290;CGAS5;217,000000;15,470000;7,720000;3,231000;0,127000;2,952000;16,920000;15,410000;-16,340000;16,330000;13,840000;0,209600;0,208900;1,660000;0,272500;0,499300;1632410,000000;3722810000,000000;0,920000;0,070500;34
291;CGAS3;228,000000;16,250000;8,120000;3,395000;0,114400;3,102000;17,770000;16,190000;-17,170000;17,110000;14,500000;0,209600;0,208900;1,660000;0,272500;0,499300;72296,400000;3722810000,000000;0,920000;0,070500;34
292;PINE4;4,400000;-3,850000;0,830000;0,000000;0,000000;0,000000;0,000000;0,000000;0,000000;0,000000;0,000000;0,000000;0,000000;0,000000;0,000000;-0,216500;2784720,000000;782844000,000000;0,000000;1,195200;35
293;BMGB4;9,300000;0,000000;2,050000;0,000000;0,022300;0,000000;0,000000;0,000000;0,000000;0,000000;0,000000;0,000000;0,000000;0,000000;0,000000;0,000000;15116300,000000;2732880000,000000;0,000000;0,000000;35
294;BMGB11;33,600000;0,000000;1,850000;0,000000;0,000000;0,000000;0,000000;0,000000;0,000000;0,000000;0,000000;0,000000;0,000000;0,000000;0,000000;0,000000;13498200,000000;2732880000,000000;0,000000;0,000000;35
295;IDVL3;3,450000;5,190000;0,750000;0,000000;0,000000;0,000000;0,000000;0,000000;0,000000;0,000000;0,000000;0,000000;0,000000;0,000000;0,000000;0,144500;143748,000000;399193000,000000;0,000000;0,000000;35
296;BSLI3;52,000000;5,820000;1,220000;0,000000;0,056900;0,000000;0,000000;0,000000;0,000000;0,000000;0,000000;0,000000;0,000000;0,000000;0,000000;0,210100;497,440000;1544670000,000000;0,000000;0,020700;35
297;BNBR3;97,000000;6,020000;1,650000;0,000000;0,038000;0,000000;0,000000;0,000000;0,000000;0,000000;0,000000;0,000000;0,000000;0,000000;0,000000;0,274400;37489,200000;5075040000,000000;0,000000;0,180000;35
298;IDVL4;4,060000;6,110000;0,880000;0,000000;0,000000;0,000000;0,000000;0,000000;0,000000;0,000000;0,000000;0,000000;0,000000;0,000000;0,000000;0,144500;146088,000000;399193000,000000;0,000000;0,000000;35
299;BAZA3;39,500000;6,380000;0,570000;0,000000;0,036400;0,000000;0,000000;0,000000;0,000000;0,000000;0,000000;0,000000;0,000000;0,000000;0,000000;0,089900;46727,500000;2041970000,000000;0,000000;-0,124200;35
300;BRSR6;20,920000;7,130000;1,110000;0,000000;0,059500;0,000000;0,000000;0,000000;0,000000;0,000000;0,000000;0,000000;0,000000;0,000000;0,000000;0,155100;26919400,000000;7732900000,000000;0,000000;0,119600;35
301;BMEB3;13,100000;7,290000;0,780000;0,000000;0,004100;0,000000;0,000000;0,000000;0,000000;0,000000;0,000000;0,000000;0,000000;0,000000;0,000000;0,107200;29749,500000;878333000,000000;0,000000;0,072700;35
302;BMEB4;13,500000;7,510000;0,810000;0,000000;0,049200;0,000000;0,000000;0,000000;0,000000;0,000000;0,000000;0,000000;0,000000;0,000000;0,000000;0,107200;102335,000000;878333000,000000;0,000000;0,072700;35
303;BRSR3;23,000000;7,840000;1,220000;0,000000;0,054100;0,000000;0,000000;0,000000;0,000000;0,000000;0,000000;0,000000;0,000000;0,000000;0,000000;0,155100;67643,300000;7732900000,000000;0,000000;0,119600;35
304;BRSR5;23,020000;7,850000;1,220000;0,000000;0,055800;0,000000;0,000000;0,000000;0,000000;0,000000;0,000000;0,000000;0,000000;0,000000;0,000000;0,155100;3370,460000;7732900000,000000;0,000000;0,119600;35
305;BGIP4;38,000000;8,080000;1,520000;0,000000;0,020600;0,000000;0,000000;0,000000;0,000000;0,000000;0,000000;0,000000;0,000000;0,000000;0,000000;0,188800;30020,200000;380893000,000000;0,000000;0,160500;35
306;CRIV3;6,230000;8,900000;0,680000;0,000000;0,003400;0,000000;0,000000;0,000000;0,000000;0,000000;0,000000;0,000000;0,000000;0,000000;0,000000;0,076500;23169,900000;942527000,000000;0,000000;-0,008300;35
307;BBAS3;49,860000;8,930000;1,510000;0,000000;0,051200;0,000000;0,000000;0,000000;0,000000;0,000000;0,000000;0,000000;0,000000;0,000000;0,000000;0,169400;580945000,000000;94496200000,000000;0,000000;0,142600;35
308;BRGE12;6,110000;9,040000;0,380000;16,192000;0,000200;0,138000;0,770000;-1,080000;0,920000;2,990000;3,000000;-15,017800;2,684800;1,410000;-0,268600;0,042100;15320,300000;1181120000,000000;0,000000;-0,015400;35
309;MERC4;12,480000;9,160000;0,920000;0,000000;0,039600;0,000000;0,000000;0,000000;0,000000;0,000000;0,000000;0,000000;0,000000;0,000000;0,000000;0,100600;2570,000000;243892000,000000;0,000000;-0,067900;35
310;ABCB4;20,280000;9,530000;1,120000;0,000000;0,051800;0,000000;0,000000;0,000000;0,000000;0,000000;0,000000;0,000000;0,000000;0,000000;0,000000;0,117400;13009100,000000;3956290000,000000;0,000000;-0,142800;35
311;CRIV4;6,970000;9,950000;0,760000;0,000000;0,046400;0,000000;0,000000;0,000000;0,000000;0,000000;0,000000;0,000000;0,000000;0,000000;0,000000;0,076500;21308,900000;942527000,000000;0,000000;-0,008300;35
312;BEES4;6,890000;10,270000;1,390000;0,000000;0,043800;0,000000;0,000000;0,000000;0,000000;0,000000;0,000000;0,000000;0,000000;0,000000;0,000000;0,135100;17719,600000;1568220000,000000;0,000000;0,088300;35
313;BEES3;6,920000;10,320000;1,390000;0,000000;0,043600;0,000000;0,000000;0,000000;0,000000;0,000000;0,000000;0,000000;0,000000;0,000000;0,000000;0,135100;205452,000000;1568220000,000000;0,000000;0,088300;35
314;BBDC3;32,650000;11,560000;1,900000;0,000000;0,055900;0,000000;0,000000;0,000000;0,000000;0,000000;0,000000;0,000000;0,000000;0,000000;0,000000;0,164700;98981800,000000;138313000000,000000;0,000000;-0,153900;35
315;BGIP3;55,000000;11,690000;2,210000;0,000000;0,012900;0,000000;0,000000;0,000000;0,000000;0,000000;0,000000;0,000000;0,000000;0,000000;0,000000;0,188800;141,030000;380893000,000000;0,000000;0,160500;35
316;SANB4;21,810000;11,820000;2,220000;0,000000;0,069500;0,000000;0,000000;0,000000;0,000000;0,000000;0,000000;0,000000;0,000000;0,000000;0,000000;0,187700;1043990,000000;73748900000,000000;0,000000;0,432500;35
317;ITUB3;30,400000;11,870000;2,370000;0,000000;0,092300;0,000000;0,000000;0,000000;0,000000;0,000000;0,000000;0,000000;0,000000;0,000000;0,000000;0,199700;15449400,000000;125769000000,000000;0,000000;-0,146400;35
318;ITSA4;13,350000;11,980000;2,150000;23,471000;0,089200;1,739000;41,590000;558,630000;-32,910000;565,170000;136,050000;0,042000;1,955300;1,820000;0,003300;0,179700;252330000,000000;52130000000,000000;0,090000;0,007800;35
319;ITSA3;13,520000;12,140000;2,180000;23,770000;0,088100;1,761000;42,120000;565,740000;-33,330000;572,280000;137,760000;0,042000;1,955300;1,820000;0,003300;0,179700;2644940,000000;52130000000,000000;0,090000;0,007800;35
320;BBDC4;34,430000;12,190000;2,010000;0,000000;0,058300;0,000000;0,000000;0,000000;0,000000;0,000000;0,000000;0,000000;0,000000;0,000000;0,000000;0,164700;681642000,000000;138313000000,000000;0,000000;-0,153900;35
321;SANB11;45,730000;12,390000;2,320000;0,000000;0,063300;0,000000;0,000000;0,000000;0,000000;0,000000;0,000000;0,000000;0,000000;0,000000;0,000000;0,187700;73272200,000000;73748900000,000000;0,000000;0,432500;35
322;BRIV3;9,090000;12,400000;0,540000;0,000000;0,000000;0,000000;0,000000;0,000000;0,000000;0,000000;0,000000;0,000000;0,000000;0,000000;0,000000;0,043900;17963,800000;1478470000,000000;0,000000;0,116800;35
323;SANB3;24,000000;13,000000;2,440000;0,000000;0,057400;0,000000;0,000000;0,000000;0,000000;0,000000;0,000000;0,000000;0,000000;0,000000;0,000000;0,187700;422945,000000;73748900000,000000;0,000000;0,432500;35
324;ITUB4;34,600000;13,510000;2,700000;0,000000;0,081100;0,000000;0,000000;0,000000;0,000000;0,000000;0,000000;0,000000;0,000000;0,000000;0,000000;0,199700;795520000,000000;125769000000,000000;0,000000;-0,146400;35
325;RPAD3;6,690000;13,910000;0,570000;1804,210000;0,000000;0,571000;133,170000;-162,610000;145,260000;-160,930000;-160,930000;-11,095500;129,694000;2,360000;-0,003500;0,041200;16011,400000;989509000,000000;0,000000;0,128100;35
326;BRIV4;10,200000;13,910000;0,610000;0,000000;0,044800;0,000000;0,000000;0,000000;0,000000;0,000000;0,000000;0,000000;0,000000;0,000000;0,000000;0,043900;34186,200000;1478470000,000000;0,000000;0,116800;35
327;BRGE8;10,580000;15,660000;0,660000;28,038000;0,026400;0,240000;1,340000;-1,870000;1,590000;2,200000;2,210000;-15,017800;2,684800;1,410000;-0,268600;0,042100;14384,300000;1181120000,000000;0,000000;-0,015400;35
328;BRGE6;11,230000;16,620000;0,700000;29,761000;0,059700;0,254000;1,420000;-1,980000;1,690000;2,090000;2,090000;-15,017800;2,684800;1,410000;-0,268600;0,042100;200,540000;1181120000,000000;0,000000;-0,015400;35
329;BPAC5;21,300000;18,240000;2,700000;0,000000;0,020900;0,000000;0,000000;0,000000;0,000000;0,000000;0,000000;0,000000;0,000000;0,000000;0,000000;0,148300;21906,500000;20766600000,000000;0,000000;-0,013800;35
330;BRGE3;12,500000;18,500000;0,780000;33,126000;0,000100;0,283000;1,580000;-2,210000;1,880000;1,860000;1,870000;-15,017800;2,684800;1,410000;-0,268600;0,042100;48326,600000;1181120000,000000;0,000000;-0,015400;35
331;RPAD6;9,680000;20,130000;0,830000;2610,580000;0,000000;0,826000;192,690000;-235,280000;210,180000;-233,610000;-233,610000;-11,095500;129,694000;2,360000;-0,003500;0,041200;7927,440000;989509000,000000;0,000000;0,128100;35
332;RPAD5;9,690000;20,150000;0,830000;2613,280000;0,042100;0,826000;192,890000;-235,530000;210,400000;-233,850000;-233,850000;-11,095500;129,694000;2,360000;-0,003500;0,041200;2628,410000;989509000,000000;0,000000;0,128100;35
333;BPAC11;75,890000;21,660000;3,210000;0,000000;0,017600;0,000000;0,000000;0,000000;0,000000;0,000000;0,000000;0,000000;0,000000;0,000000;0,000000;0,148300;164806000,000000;20766600000,000000;0,000000;-0,013800;35
334;BRGE11;15,980000;23,650000;1,000000;42,348000;0,021000;0,362000;2,020000;-2,820000;2,400000;1,250000;1,250000;-15,017800;2,684800;1,410000;-0,268600;0,042100;1922,740000;1181120000,000000;0,000000;-0,015400;35
335;BPAN4;11,420000;30,900000;2,700000;0,000000;0,006700;0,000000;0,000000;0,000000;0,000000;0,000000;0,000000;0,000000;0,000000;0,000000;0,000000;0,087400;29477500,000000;4830820000,000000;0,000000;0,126700;35
336;BRGE5;21,700000;32,120000;1,350000;57,507000;0,000000;0,491000;2,740000;-3,830000;3,260000;0,240000;0,240000;-15,017800;2,684800;1,410000;-0,268600;0,042100;9752,950000;1181120000,000000;0,000000;-0,015400;35
337;BPAC3;38,900000;33,310000;4,940000;0,000000;0,011400;0,000000;0,000000;0,000000;0,000000;0,000000;0,000000;0,000000;0,000000;0,000000;0,000000;0,148300;23505,800000;20766600000,000000;0,000000;-0,013800;35
338;BMIN4;19,540000;45,990000;0,780000;0,000000;0,071600;0,000000;0,000000;0,000000;0,000000;0,000000;0,000000;0,000000;0,000000;0,000000;0,000000;0,017000;1863,080000;120283000,000000;0,000000;-0,059900;35
339;BIDI4;17,800000;163,860000;5,740000;0,000000;0,004100;0,000000;0,000000;0,000000;0,000000;0,000000;0,000000;0,000000;0,000000;0,000000;0,000000;0,035000;39482000,000000;2188220000,000000;0,000000;0,000000;35
340;BIDI3;17,960000;165,330000;5,790000;0,000000;0,002000;0,000000;0,000000;0,000000;0,000000;0,000000;0,000000;0,000000;0,000000;0,000000;0,000000;0,035000;4067920,000000;2188220000,000000;0,000000;0,000000;35
341;CIEL3;7,400000;9,750000;2,160000;2,863000;0,069500;0,224000;3,280000;8,910000;-5,890000;9,310000;7,660000;0,321300;0,293600;1,090000;0,169400;0,221800;116715000,000000;9297950000,000000;1,090000;-0,075900;37
342;APER3;30,320000;-2,530000;3,590000;3,946000;0,000000;2,126000;603,250000;-2,450000;-9,650000;-2,360000;-2,470000;-1,613300;-1,561800;1,020000;-0,979300;-1,419100;1490700,000000;97083000,000000;0,000000;-0,194100;38
343;BBSE3;36,400000;0,000000;0,000000;0,000000;0,080600;0,000000;0,000000;0,000000;0,000000;0,000000;0,000000;0,000000;0,000000;0,000000;0,000000;0,000000;104307000,000000;0,000000;0,000000;0,000000;38
344;CSAB3;49,900000;0,000000;0,000000;0,000000;0,036300;0,000000;0,000000;0,000000;0,000000;0,000000;0,000000;0,000000;0,000000;0,000000;0,000000;0,000000;512,560000;0,000000;0,000000;0,000000;38
345;CSAB4;49,450000;0,000000;0,000000;0,000000;0,040300;0,000000;0,000000;0,000000;0,000000;0,000000;0,000000;0,000000;0,000000;0,000000;0,000000;0,000000;793,590000;0,000000;0,000000;0,000000;38
346;IRBR3;41,170000;0,000000;0,000000;0,000000;0,024000;0,000000;0,000000;0,000000;0,000000;0,000000;0,000000;0,000000;0,000000;0,000000;0,000000;0,000000;165713000,000000;0,000000;0,000000;0,000000;38
347;WIZS3;14,640000;10,930000;9,530000;3,585000;0,075900;3,290000;-33,980000;6,360000;-10,380000;6,070000;3,850000;0,564000;0,340800;0,770000;0,650600;0,871600;10519600,000000;245690000,000000;0,000000;0,186900;38
348;PEAB3;50,000000;14,270000;1,220000;1,638000;0,077800;0,952000;2,970000;16,220000;4,030000;11,740000;11,680000;0,101000;0,115100;3,400000;0,083200;0,085700;4583,720000;525543000,000000;0,000000;0,100000;38
349;PEAB4;50,020000;14,270000;1,220000;1,639000;0,085500;0,952000;2,970000;16,220000;4,030000;11,740000;11,680000;0,101000;0,115100;3,400000;0,083200;0,085700;376,970000;525543000,000000;0,000000;0,100000;38
350;PSSA3;63,940000;14,820000;2,570000;1,159000;0,033200;0,660000;4,520000;1,450000;-11,810000;0,740000;0,730000;0,797800;0,077900;1,270000;0,673400;0,173500;40838500,000000;8040870000,000000;0,000000;0,872700;38
351;SULA4;19,000000;20,000000;3,230000;1,056000;0,011300;0,803000;2,290000;27,490000;-21,840000;9,490000;8,430000;0,038400;0,052800;1,970000;0,073000;0,161400;20309,200000;6959350000,000000;0,300000;0,099000;38
352;SULA11;64,320000;22,570000;3,640000;1,192000;0,010000;0,906000;2,580000;31,020000;-24,640000;13,020000;11,570000;0,038400;0,052800;1,970000;0,073000;0,161400;183928000,000000;6959350000,000000;0,300000;0,099000;38
353;CCPR3;25,930000;-225,280000;4,110000;9,432000;0,000000;1,184000;36,210000;18,000000;-3,010000;23,790000;20,060000;0,524200;0,094300;1,400000;0,072600;-0,018300;7658270,000000;1040750000,000000;1,640000;0,060800;39
354;AHEB3;29,990000;-4,950000;13,870000;2,091000;0,000000;0,913000;-9,830000;-4,910000;-1,080000;-4,740000;-6,410000;-0,426100;-0,422400;0,490000;-0,203400;-2,801100;1578,330000;16266000,000000;0,000000;-0,158100;39
355;GSHP3;2,620000;-1,960000;-3,920000;1,119000;1,171600;0,108000;0,920000;2,900000;-0,140000;18,320000;17,480000;0,385300;-0,572300;1,830000;0,047400;2,003500;6859570,000000;-46424000,000000;-28,300000;-0,100000;39
356;BRML3;18,640000;10,380000;1,530000;12,969000;0,052300;0,903000;30,610000;18,050000;-2,760000;20,250000;19,810000;0,718500;1,332400;2,070000;0,052200;0,147400;139440000,000000;10629400000,000000;0,260000;-0,023700;39
357;AGRO3;19,310000;27,160000;1,170000;2,086000;0,048100;0,745000;5,290000;10,690000;-15,550000;13,340000;10,900000;0,195200;0,153800;1,810000;0,081700;0,043100;1318820,000000;938852000,000000;0,410000;0,117600;39
358;IGTA3;54,740000;35,230000;3,280000;13,002000;0,015500;1,815000;13,880000;23,760000;-6,670000;27,410000;21,070000;0,547300;0,374600;4,190000;0,087900;0,093000;66593900,000000;2949110000,000000;0,740000;0,041100;39
359;SCAR3;47,550000;39,570000;1,860000;8,850000;0,007700;0,992000;14,180000;14,560000;-2,780000;19,900000;16,260000;0,607700;0,226000;2,920000;0,074200;0,047000;1928240,000000;1475840000,000000;0,830000;-0,064900;39
360;MULT3;33,150000;45,120000;3,600000;15,478000;0,014200;2,106000;32,790000;28,340000;-7,850000;31,360000;24,060000;0,546200;0,341200;1,790000;0,084000;0,079900;95322200,000000;5525070000,000000;0,560000;0,043600;39
361;LOGG3;31,900000;52,730000;1,420000;26,816000;0,003200;0,952000;30,120000;34,060000;-3,730000;43,270000;43,000000;0,787300;0,541700;1,830000;0,029000;0,026900;11749600,000000;2298080000,000000;0,430000;0,068200;39
362;BRPR3;15,300000;193,220000;1,300000;19,403000;0,000000;0,810000;21,460000;26,870000;-2,660000;33,110000;33,090000;0,722100;0,100400;2,120000;0,031900;0,006700;43306400,000000;5791030000,000000;0,390000;-0,138000;39
363;BAHI3;99,850000;-32,890000;4,160000;4,669000;0,000000;1,198000;5,240000;-23,910000;-4,060000;-17,580000;-19,920000;-0,195300;-0,158300;2,340000;-0,080100;-0,126400;71788,500000;53301000,000000;0,180000;0,344800;40
364;BTTL3;6,250000;-17,090000;19,220000;0,211000;0,000000;0,783000;18,470000;9,970000;-1,490000;11,540000;9,620000;0,021100;-0,012300;1,110000;0,103500;-1,124600;23173,500000;4832000,000000;4,530000;-0,059300;40
365;HBTS5;12,500000;-1,780000;0,500000;-28,708000;0,006500;0,096000;-1,030000;-1,280000;-0,140000;-2,520000;-2,580000;22,465400;16,108900;0,550000;-0,076100;-0,280400;2403,640000;228113000,000000;0,510000;-0,409900;40
366;JBDU4;2,200000;0,660000;0,760000;0,000000;0,000000;0,079000;0,000000;-0,990000;0,000000;-1,470000;-1,470000;0,000000;0,000000;0,000000;0,000000;1,147100;200967,000000;14496000,000000;0,000000;0,000000;40
367;JBDU3;3,520000;1,060000;1,220000;0,000000;0,000000;0,126000;0,000000;-1,590000;0,000000;-2,070000;-2,070000;0,000000;0,000000;0,000000;0,000000;1,147100;28772,800000;14496000,000000;0,000000;0,000000;40
368;BRAP3;35,200000;6,270000;1,200000;0,000000;0,036000;1,171000;0,000000;-446,730000;0,000000;-447,360000;-447,360000;0,000000;0,000000;0,000000;0,000000;0,191500;977781,000000;10204600000,000000;0,000000;0,000000;40
369;BRAP4;38,290000;6,820000;1,310000;0,000000;0,036400;1,274000;0,000000;-485,950000;0,000000;-486,570000;-486,570000;0,000000;0,000000;0,000000;0,000000;0,191500;50475300,000000;10204600000,000000;0,000000;0,000000;40
370;MOAR3;182,000000;21,960000;2,100000;969,427000;0,073600;1,531000;10,190000;-49,100000;-66,000000;-44,990000;-45,740000;-19,744800;45,140400;2,530000;-0,040700;0,095700;40972,900000;1060840000,000000;0,150000;-0,285000;40
371;UGPA3;25,090000;24,330000;2,880000;0,313000;0,021900;0,878000;2,740000;16,490000;-4,400000;22,840000;14,080000;0,019000;0,013100;2,970000;0,072100;0,118500;156965000,000000;9687590000,000000;1,720000;0,053400;40
372;MAPT4;36,000000;-205,490000;-5,960000;0,000000;0,000000;42,800000;0,000000;-252,550000;0,000000;-252,550000;-252,550000;0,000000;0,000000;0,000000;0,000000;0,029000;1955,900000;-5552000,000000;0,000000;0,000000;41
373;TELB3;98,900000;-44,360000;144,110000;107,894000;0,000000;1,407000;37,720000;-113,400000;-1,580000;-118,050000;206,700000;-0,951500;-2,432100;1,620000;-0,013000;-3,248300;80728,700000;34044000,000000;8,080000;0,032100;41
374;TESA3;23,000000;-32,350000;0,520000;0,466000;0,000000;0,199000;-23,240000;15,080000;-0,590000;42,440000;17,030000;0,030900;-0,014400;0,970000;0,014200;-0,016000;713371,000000;962097000,000000;0,960000;0,058400;42
375;FRTA3;8,350000;5,000000;-0,240000;2,213000;0,000000;0,487000;-0,210000;-26,310000;-0,170000;-109,830000;734,150000;-0,084100;0,442300;0,040000;-0,022200;-0,048900;31036,200000;-68253000,000000;-0,800000;-0,356600;42
